SKU,Quantity,Discontinued (Y/N)
1784565,10,N
2344311,427,N
2646LBA,50,N
2646LBD,50,N
2646LBH,50,N
2646LBS,50,N
2646LWA,50,N
2646LWD,50,N
2646LWH,50,N
2646LWS,50,N
2646RBA,50,N
2646RBD,50,N
2646RBH,50,N
2646RBS,50,N
2646RWA,50,N
2646RWD,50,N
2646RWH,50,N
2646RWS,50,N
2646WIABLBQP,50,N
2646WIABLWQP,50,N
2646WIDDLWFP,50,N
2646WIDDLWQP,50,N
2646WIDDRWQC,50,N
2646WIDDRWQP,50,N
2646WIDLLWFC,50,N
2646WIDLLWQP,50,N
2646WIDLRWFP,50,N
2646WIDLRWQP,50,N
2646WIDPLWQC,50,N
2646WIHPLWFP,50,N
2646WIHPRWQP,50,N
2646WIHXLWCC,50,N
2646WISXLBNP,50,N
2646WISXLWBJ,50,N
2646WISXLWNP,50,N
2646WISXRWBJ,50,N
2646WISXRWNJ,50,N
2646WISXRWNP,50,N
2653LBA,20,N
2653LBD,20,N
2653LBH,20,N
2653LBS,20,N
2653LWA,20,N
2653LWD,20,N
2653LWH,20,N
2653LWS,20,N
2653RBA,25,N
2653RBD,20,N
2653RBH,20,N
2653RBS,20,N
2653RWA,20,N
2653RWD,20,N
2653RWH,20,N
2653RWS,20,N
2653WIABLWQP,0,N
2653WIABRWFP,0,N
2653WIDDLWFC,0,N
2653WIDDRWQC,0,N
2653WIDDRWQP,0,N
2653WIDLLWFP,0,N
2653WIDLRWFP,0,N
2653WIDPLWQC,0,N
2653WIDPRWQC,0,N
2653WIHPLWFP,0,N
2653WIHPRWFC,0,N
2653WIHPRWFP,0,N
2653WIHPRWQP,0,N
2653WIHWLWFP,0,N
2653WISXLWBP,0,N
2653WISXLWNJ,0,N
2653WISXLWNP,0,N
2653WISXRBNP,0,N
2653WISXRWNJ,0,N
2653WISXRWNP,0,N
2739LWA,50,N
2739LWD,50,N
2739LWH,50,N
2739LWS,50,N
2739RWA,0,N
2739RWD,1,N
2739RWH,0,N
2739RWS,0,N
2739WIDDLWFP,50,N
2739WIDDLWQP,50,N
2739WIHPLWFP,50,N
2739WIHPLWQP,50,N
2739WIHPRWFC,0,N
2739WIHPRWFP,0,N
2739WIHPRWQP,0,N
2739WIHWRWFC,0,N
2739WIPLWFP,50,N
2739WISXLWBP,50,N
2739WISXLWNP,50,N
2739WISXRWNP,0,N
2747LWA,0,N
2747LWD,0,N
2747LWH,0,N
2747LWS,0,N
2747RWA,20,N
2747RWD,0,N
2747RWH,0,N
2747RWS,20,N
2747SNSXLWBP,0,N
2747SNSXLWNP,0,N
2747SNSXRWBP,0,N
2747SNSXRWNP,0,N
2747WIABRWFP,0,N
2747WIABRWQP,0,N
2747WIDDLWFC,0,N
2747WIDDLWFP,0,N
2747WIDDLWQC,0,N
2747WIDDLWQP,0,N
2747WIDDRWQP,0,N
2747WIDLLWFP,0,N
2747WIDLRWFP,0,N
2747WIHPLWFP,0,N
2747WIHPRWFC,0,N
2747WIHPRWFP,0,N
2747WIHPRWQP,0,N
2747WISXLWBP,0,N
2747WISXLWNP,0,N
2747WISXRWBP,0,N
2747WISXRWNP,0,N
2753FLWL,43,N
2753WILWD,43,N
2753FLWR,83,N
2753WIRWD,83,N
2753WILWD-OLD,0,N
2753WIRWD,0,N
2784565,10,N
OPTOF-WH-D,983,N
2853WIDDRWFP,0,N
2853WIDJLWFC,0,N
2853WIDLLBFC,0,N
2853WIDLLWFC,0,N
2853WIDLLWFP,0,N
2853WIDLRBFC,0,N
2853WIDLRBFP,0,N
2853WIDLRWCC,0,N
2853WIDLRWFC,0,N
2853WIDLRWFP,0,N
2853WISXLWBJ,0,N
2952LBA,20,Y
2952LBD,20,Y
2952LBH,20,Y
2952LBS,20,Y
2952LWA,20,N
2952LWD,20,N
2952LWD(CHROME),20,N
2952LWH,20,N
2952LWS,20,N
2952RBA,20,N
2952RBD,20,N
2952RBH,20,N
2952RBS,20,N
2952RWA,20,N
2952RWD,20,N
2952RWH,20,N
2952RWS,20,N
2952WIAXRWFP,0,N
2952WIDDLWFP,0,N
2952WIDDLWQP,0,N
2952WIDDRBQP,0,N
2952WIDHLWCC,0,N
2952WIDLLWFP-F,0,N
2952WIDLRWFP-F,0,N
2952WIDLRWQP,0,N
2952WIDNLBQP,0,N
2952WIDPLWQC,0,N
2952WIDPRWQC,0,N
2952WIHPLWFP,0,N
2952WIHPRWCC,0,N
2952WIHPRWFP,0,N
2952WIHPRWQP,0,N
2952WISXLWNP,0,N
2952WISXRWBP,0,N
2952WISXRWNP,0,N
2953WCABLWFP,0,N
2953WCABLWQP,0,N
2953WCABRWFC,0,N
2953WCAJLWFP,0,N
2953WCAJRWFP,0,N
2953WCALWA,20,N
2953WCALWD,20,N
2953WCALWH,20,N
2953WCALWS,20,N
2953WCAQRWQP,0,N
2953WCARWA,20,N
2953WCARWD,20,N
2953WCARWD(CRHOME),20,N
2953WCARWH,20,N
2953WCARWS,20,N
2953WCDDLWFC,0,N
2953WCDDLWFP,0,N
2953WCDDRWFC,0,N
2953WCDDRWFP,0,N
2953WCDDRWQP,0,N
2953WCDLLWFC,0,N
2953WCDLLWFP,0,N
2953WCDLRWFC,0,N
2953WCDLRWFP,0,N
2953WCDPLWFC,0,N
2953WCDPLWQC,0,N
2953WCDPRWQC,0,N
2953WCDPRWQP,0,N
2953WCHNRWFP,0,N
2953WCHPLWFP,0,N
2953WCHPLWQP,0,N
2953WCHPRWFC,0,N
2953WCHPRWFP,0,N
2953WCHPRWQC,0,N
2953WCHWLWFP,0,N
2953WCHWRWFP,0,N
2953WCLWD,41,N
2953WCRWD,34,N
2953WCSXLWBJ,0,N
2953WCSXLWBP,0,N
2953WCSXLWNJ,0,N
2953WCSXLWNP,0,N
2953WCSXRWBJ,0,N
2953WCSXRWNP,0,N
3053LBA,20,N
3053LBD,20,N
3053LBH,20,N
3053LBS,20,N
3053LWA,20,N
3053LWD,20,N
3053LWDFL-FBA,0,N
3053LWH,20,N
3053LWS,20,N
3053RBA,0,N
3053RBD,0,N
3053RBH,0,N
3053RBS,0,N
3053RWA,20,N
3053RWD,20,N
3053RWH,20,N
3053RWS,20,N
3053WIABLWFP,0,N
3053WIABRWQP,0,N
3053WIDDLWFC,0,N
3053WIDDLWFP,0,N
3053WIDDRBFP,0,N
3053WIDDRBQP,0,N
3053WIDDRWFC,0,N
3053WIDDRWFP,0,N
3053WIDDRWQC,0,N
3053WIDLLWFC,0,N
3053WIDLLWFP,0,N
3053WIDLLWQC,0,N
3053WIDLLWQP,0,N
3053WIDLRBFC,0,N
3053WIDLRBFP,0,N
3053WIDLRWFC,0,N
3053WIDLRWFP,0,N
3053WIDLRWQC,0,N
3053WIDNRWFP,0,N
3053WIDPLWQC,0,N
3053WIDPRWQC,0,N
3053WIDWRWOD,0,N
3053WIHPLBFP,0,N
3053WIHPLWFP,0,N
3053WIHPLWQC,0,N
3053WIHPLWQP,0,N
3053WIHPRWFP,0,N
3053WIHWRBFP,0,N
3053WIHWRWFP,0,N
3053WISXLBBP,0,N
3053WISXLBNP,0,N
3053WISXLWBP,0,N
3053WISXLWNP,0,N
3053WISXRWBP,0,N
3053WISXRWNP,0,N
3054LBA,0,Y
3054LBD,0,Y
3054LBH,20,Y
3054LBS,0,Y
3054LWA,20,N
3054LWD,20,N
3054LWH,20,N
3054LWH(CHROME),20,N
3054LWS,20,N
3054RBA,0,Y
3054RBD,0,Y
3054RBH,0,Y
3054RBS,0,Y
3054RWA,20,N
3054RWD,20,N
3054RWH,20,N
3054RWH(CHROMETRIM),0,N
3054RWS,20,N
3054WIABRBFP,0,N
3054WIABRWFP,0,N
3054WIDBRWFP,0,N
3054WIDDLWFC,0,N
3054WIDDLWFP,0,N
3054WIDDLWQP,0,N
3054WIDDRBQP,0,N
3054WIDDRWCC,0,N
3054WIDDRWFC,0,N
3054WIDDRWFP,0,N
3054WIDDRWQC,0,N
3054WIDKLWFP,0,N
3054WIDKLWQP,0,N
3054WIDLLWCC,0,N
3054WIDLLWFC,0,N
3054WIDLLWFP,0,N
3054WIDLLWQC,0,N
3054WIDLLWQP,0,N
3054WIDLRBFP,0,N
3054WIDLRWCC,0,N
3054WIDLRWFC,0,N
3054WIDLRWFP,0,N
3054WIDLRWQC,0,N
3054WIDLRWQP,0,N
3054WIHPLBFP,0,N
3054WIHPLWFC,0,N
3054WIHPLWFP,0,N
3054WIHPLWQC,0,N
3054WIHPLWQP,0,N
3054WIHPRWFC,0,N
3054WIHPRWFP,0,N
3054WIHPRWQC,0,N
3054WIPRWQP,20,N
3054WISXLWBP,0,N
3054WISXLWNP,0,N
3054WISXRWBJ,0,N
3054WISXRWBP,0,N
3054WISXRWNJ,0,N
3054WISXRWNP,0,N
3060SHABLWVP,100,N
3060SHAL,100,N
3060SHAR,25,N
3060SHHNRWVP,25,N
3060SHHPLWVP,100,N
3060SHHPRWVP,100,N
3060SHHXLWQP,100,N
3060SHL,100,N
3060SHR,100,N
3060SHSXLWXX,100,N
3060SHSXRWXX,25,N
3060SHWL,100,N
3060SHWR,25,N
3060SIABLWQC,0,N
3060SIABLWQP,0,N
3060SIABRWQP,0,N
3060SIHNLWQP,0,N
3060SIHNRWQP,0,N
3060SIHPLWFC,0,N
3060SIHPLWQC,0,N
3060SIHPLWQP,0,N
3060SIHPRWQC,0,N
3060SIHPRWQP,0,N
3060SIHXLWQP,0,N
3060SIHXRWQC,0,N
3060SIHXRWQP,0,N
3060SILWA,20,N
3060SILWH,0,N
3060SILWS,20,N
3060SIRWA,20,N
3060SIRWH,20,N
3060SIRWH(CHROME),20,N
3060SIRWS,20,N
3060SISXLWBJ,0,N
3060SISXLWBP,0,N
3060SISXLWNP,0,N
3060SISXRWBJ,0,N
3060SISXRWBP,0,N
3060SISXRWNP,0,N
3060-SOHOSOAKER LEFT,100,N
3060VN,0,N
3060VNAL,50,N
3060VNAR,50,N
3060VNDL,50,N
3060VNDR,50,N
3060VNWL,50,N
3060VNWR,50,N
3060VTHWLWVP,50,N
3060VTHWRWVP,50,N
3060VXABRWVP,50,N
3060VXDLLWQC,50,N
3060VXDWLWVP,50,N
3060VXDWRWVN,50,N
3060VXHPRWVP,50,N
3060VXHWRWQP,50,N
3060VXHWRWVP,50,N
3060VXHXRWQP,50,N
3060VXSXLBXX,50,N
3060VXSXLWXX,50,N
3060VXSXRBXX,50,N
3060VXSXRWXX,50,N
3060WCABLWFP,0,N
3060WCABRWFC,50,N
3060WCABRWFP,50,N
3060WCAJRWFP,50,N
3060WCALWA,10,N
3060WCALWD,10,N
3060WCALWH,10,N
3060WCALWS,10,N
3060WCARBS-SERIALIZED,0,N
3060WCARWA,50,N
3060WCARWD,20,N
3060WCARWH,50,N
3060WCARWS,50,N
3060WCAXLWFP,0,N
3060WCAXRWFP,50,N
3060WCDDLWFC,0,N
3060WCDDLWFP,0,N
3060WCDDLWQC,0,N
3060WCDDLWQP,0,N
3060WCDDRWFC,50,N
3060WCDDRWFP,50,N
3060WCDDRWQC,50,N
3060WCDDRWQP,50,N
3060WCDHRWCC,50,N
3060WCDKRWFC,50,N
3060WCDLLWFC,0,N
3060WCDLLWFP,0,N
3060WCDLLWQC,0,N
3060WCDLRWFC,50,N
3060WCDLRWFP,50,N
3060WCDNLWQP,0,N
3060WCHPLWQP,0,N
3060WCHPRWFP,50,N
3060WCHPRWQP,50,N
3060WCHWLWFP,0,N
3060WCHWRWFP,50,N
3060WCSXLWBP,0,N
3060WCSXLWNP,0,N
3060WCSXRWBP,50,N
3060WCSXRWNJ,50,N
3060WCSXRWNP,50,N
3060WIABLWQP,0,N
3060WIABRBQP,0,N
3060WIABRWQP,0,N
3060WIAJRWFP,0,N
3060WIDDLBFP,0,N
3060WIDDLBQC,0,N
3060WIDDLWFC,0,N
3060WIDDLWFP,0,N
3060WIDDLWQC,0,N
3060WIDDLWQP,0,N
3060WIDDRBFP,0,N
3060WIDDRWFC,0,N
3060WIDDRWFP,0,N
3060WIDDRWQC,0,N
3060WIDDRWQP,0,N
3060WIDLLBFC,0,N
3060WIDLLBFP,0,N
3060WIDLLWFC,0,N
3060WIDLLWFP,0,N
3060WIDLRBFC,0,N
3060WIDLRBFP,0,N
3060WIDLRBQP,0,N
3060WIDLRWCC,0,N
3060WIDLRWFC,0,N
3060WIDLRWFP,0,N
3060WIDLRWQP,0,N
3060WIDPLWCC,0,N
3060WIDXLWQP,0,N
3060WIHNRWFC,0,N
3060WIHPLBFP,0,N
3060WIHPLWFC,0,N
3060WIHPLWFP,0,N
3060WIHPLWQP,0,N
3060WIHPRWCC,0,N
3060WIHPRWFC,0,N
3060WIHPRWFP,0,N
3060WIHPRWQC,0,N
3060WIHPRWQP,0,N
3060WIHTRWFC,0,N
3060WIHVRWFP,0,N
3060WIHWLBFP,0,N
3060WIHWLWFC,0,N
3060WIHWLWFP,0,N
3060WIHWRWFC,0,N
3060WIHWRWFP,0,N
3060WILBA,20,N
3060WILBD,20,N
3060WILBH,20,N
3060WILBS,20,N
3060WILWA,20,N
3060WILWD,20,N
3060WILWH,20,N
3060WILWH(CHROME),20,N
3060WILWS,20,N
3060WIRBA,20,N
3060WIRBD,20,N
3060WIRBH,20,N
3060WIRBS,20,N
3060WIRWA,20,N
3060WIRWD,20,N
3060WIRWDX,20,N
3060WIRWH,20,N
3060WIRWS,20,N
3060WISTLWNJ,0,N
3060WISXLBNP,0,N
3060WISXLWBJ,0,N
3060WISXLWBP,0,N
3060WISXLWNP,0,N
3060WISXRBBP,0,N
3060WISXRWBP,0,N
3060WISXRWNP,0,N
3140SEN - OLD,0,N
3140SNSXLWNP,0,N
3140SNSXRWNP,0,N
3140WIDDLWQC,0,N
3140WIDDLWQP,0,N
3140WIDDRWQC,0,N
3140WIDDRWQP,0,N
3140WIDLLWFP,0,N
3140WIDLRWQC,0,N
3140WIDLWQP,0,N
3140WISXRWNP,0,N
3153WILBD,0,N
3153WILWD,0,N
3153WILWS,0,N
3153WIRBD,0,N
3153WIRWD,0,N
3238LWA,20,N
3238LWD,20,N
3238LWH,20,N
3238LWS,20,N
3238RWA,0,N
3238RWD,0,N
3238RWH,0,N
3238RWS,0,N
3238WIABLWFP,0,N
3238WIABLWQP,0,N
3238WIABRWQP,0,N
3238WIAXRWQP,0,N
3238WIDDRWQP,0,N
3238WIDLLWFP,0,N
3238WIDNRWQP,0,N
3238WIDPRWQC,0,N
3238WIHPLWQP,0,N
3238WIHPRWQP,0,N
3238WISXLWNJ,0,N
3238WISXLWNP,0,N
3238WISXRWBP,0,N
3238WISXRWNP,0,N
3260EAL,50,N
3260EAR,50,N
3260EDL,50,N
3260EDR,50,N
3260ETDKLBOD,50,N
3260ETDLLWOC,50,N
3260EWDDRWVP,50,N
3260EWL,50,N
3260EWR,50,N
3260EWSXRWXX,50,N
3260EXATLWQP,50,N
3260EXATRWQP,50,N
3260EXDDLWVC,50,N
3260EXDDLWVP,50,N
3260EXDDRWVP,50,N
3260EXDWLWQP,50,N
3260EXDWRWVC,50,N
3260EXDWRWVN,50,N
3260EXDXLWVP,50,N
3260EXHWLNVB,50,N
3260EXHWLWVC,50,N
3260EXHWRWVC,50,N
3260EXHWRWVN,50,N
3260EXHWRWVP,20,N
3260EXHXLWVP,50,N
3260EXSXLWXX,50,N
3260EXSXRWXX,50,N
3260LBA,0,N
3260LBD,1,N
3260LBD-CHROME,1,N
3260LBH,0,N
3260LBS,0,N
3260LWA,50,N
3260LWD,50,N
3260LWH,50,N
3260LWS,50,N
3260RBA,0,N
3260RBD,0,N
3260RBH,0,N
3260RBS,0,N
3260RWA,20,N
3260RWD,20,N
3260RWH,20,N
3260RWS,20,N
3260SHABLWVP,100,N
3260SHABRWVP,50,N
3260SHAR,50,N
3260SHAXLWVP,100,N
3260SHHPLWVP,100,N
3260SHHPRWVP,50,N
3260SHHXRWVP,50,N
3260SHL,100,N
3260SHR,50,N
3260SHSXLWXX,100,N
3260SHSXRWXX,50,N
3260SHWL,100,N
3260SHWR,50,N
3260VN,0,N
3260VNAL,50,N
3260VNAR,50,N
3260VNDL,50,N
3260VNDR,50,N
3260VNWL,50,N
3260VNWR,50,N
3260VWHWLBQN,50,N
3260VXABLWVP,50,N
3260VXATRWVP,50,N
3260VXDLRWOC,50,N
3260VXDWRWVC,0,N
3260VXDWRWVP,50,N
3260VXHWRNVP,50,N
3260VXHWRWVC,50,N
3260VXHXLWQP,50,N
3260VXHXRWQC,50,N
3260VXHXRWVP,50,N
3260VXSXRWXX,50,N
3260WIABLWQP,50,N
3260WIABRWFP,0,N
3260WIABRWQP,0,N
3260WIAXRWFP,0,N
3260WIDDLWCC,50,N
3260WIDDLWFC,50,N
3260WIDDLWFP,50,N
3260WIDDLWQC,50,N
3260WIDDLWQP,50,N
3260WIDDRBQP,0,N
3260WIDDRWFC,0,N
3260WIDDRWFP,0,N
3260WIDDRWQC,0,N
3260WIDDRWQP,20,N
3260WIDKRBFP,0,N
3260WIDLLBFC,0,N
3260WIDLLBFP,0,N
3260WIDLLWFC,50,N
3260WIDLLWFP,50,N
3260WIDLLWQC,50,N
3260WIDLLWQP,50,N
3260WIDLRBFP,0,N
3260WIDLRWFC,0,N
3260WIDLRWFP,0,N
3260WIDLRWQC,0,N
3260WIDLRWQP,0,N
3260WIDNLWQP,50,N
3260WIDVRWFP,0,N
3260WIHPLBFC,0,N
3260WIHPLWFC,50,N
3260WIHPLWFP,50,N
3260WIHPLWQP,50,N
3260WIHPRBFP,0,N
3260WIHPRBFPA,0,N
3260WIHPRWCC,0,N
3260WIHPRWFC,0,N
3260WIHPRWFP,0,N
3260WIHPRWQC,0,N
3260WIHPRWQP,0,N
3260WIHWLWFC,50,N
3260WIHWRWFP,0,N
3260WISXLBBP,0,N
3260WISXLBNP,0,N
3260WISXLWBJ,50,N
3260WISXLWBP,50,N
3260WISXLWNP,50,N
3260WISXRBBJ,0,N
3260WISXRBBP,0,N
3260WISXRWBJ,0,N
3260WISXRWBP,0,N
3260WISXRWNP,0,N
3260Z,0,N
3260ZAL,50,N
3260ZAR,50,N
3260ZBDR,0,N
3260ZDL,50,N
3260ZDR,50,N
3260ZWHPLWVP,50,N
3260ZWL,50,N
3260ZWR,50,N
3260ZXDDLWVP,50,N
3260ZXDDRWVP,50,N
3260ZXHPRWVP,0,N
3260ZXHXRWVC,50,N
3266VN,0,N
3266VNAL,50,N
3266VNAR,50,N
3266VNDL,50,N
3266VNDR,50,N
3266VNWL,50,N
3266VNWR,50,N
3266VXABRWVP,50,N
3266VXAXLWQP,50,N
3266VXDDRWQP,50,N
3266VXDDRWVP,50,N
3266VXDLRWOC,50,N
3266VXDNLWQC,50,N
3266VXDPRWVP,50,N
3266VXHPRWQ,50,N
3266VXHPRWQP,50,N
3266VXHPRWVP,50,N
3266VXHTRWQP,50,N
3266VXHXRWVC,50,N
3266VXSXLWXX,50,N
3266VXSXRWNJ,50,N
3266VXSXRWXX,50,N
3267AA,0,N
3267AQABGWQC,0,N
3267AQABGWVP,0,N
3267AQAXGWQC,0,N
3267AQAXHWVP,0,N
3272VN,20,N
3272VNAL,50,N
3272VNAR,50,N
3272VNDL,50,N
3272VNDR,50,N
3272VNWL,50,N
3272VNWR,50,N
3272VTDDRWVP,0,N
3272VTDNRWVP,50,N
3272VXABLWQP,50,N
3272VXABLWVP,50,N
3272VXABRWVP,50,N
3272VXDDLWVP,0,N
3272VXDDRWVP,50,N
3272VXDLLWOC,20,N
3272VXDLLWVP,0,N
3272VXDLRWOC,0,N
3272VXDWRNVP,50,N
3272VXDWRWVP,50,N
3272VXDXLWVP,50,N
3272VXHPLWVP,50,N
3272VXHPRWVP,0,N
3272VXHWLWVN,50,N
3272VXHWLWVP,50,N
3272VXSXLBXX,50,N
3272VXSXLWXX,50,N
3272VXSXRBXX,50,N
3272VXSXRWXX,50,N
3467RA,100,N
3467RD,100,N
3467RLABGWVP,100,N
3467RLABHWQP,100,N
3467RLABHWVP,100,N
3467RLAXHWVP,100,N
3467RLDLGWOC,100,N
3467RLDLHWOC,100,N
3467RLHPGWQP,100,N
3467RLHPGWVP,100,N
3467RLHPHWVP,100,N
3467RLSXCWXX,100,N
3467RW,100,N
3468SSABHWVP,100,N
3468SSDDGWVP,100,N
3468SSDDHWQP,100,N
3468SSDDHWVP,100,N
3468SSDLHWOC,100,N
3468SSHPGWQP,100,N
3468SSHPGWVP,100,N
3468SSHPHWQC,100,N
3468SSHPHWQP,100,N
3468SSHPHWVP,100,N
3468SSSXCWXX,100,N
3471ACABGWQP,50,N
3471ACABGWVP,50,N
3471ACABHWVP,50,N
3471ACAXGWQP,50,N
3471ACDCHWSN,50,N
3471ACDDGWQP,50,N
3471ACDDGWVP,50,N
3471ACDDHWOC,50,N
3471ACDDHWQN,50,N
3471ACDDHWQP,50,N
3471ACDDHWVP,50,N
3471ACDPGWQN,50,N
3471ACDPGWQP,50,N
3471ACDPGWVP,50,N
3471ACHNGWVP,50,N
3471ACHPGWQC,50,N
3471ACHPGWQP,50,N
3471ACHPGWVC,50,N
3471ACHPGWVP,50,N
3471ACHPHWQC,50,N
3471ACHPHWVP,50,N
3471ACSXCWXX,50,N
3471AD,50,N
3471AD(DONOTUSE),50,N
3471AW,50,N
3471RFSXCWXX,0,Y
3660E,0,N
3660EAL,50,N
3660EAR,50,N
3660EDL,50,N
3660EDR,50,N
3660EWDDLBVP,50,N
3660EWL,50,N
3660EWR,50,N
3660EWSXRWXX,50,N
3660EXABRWVP,50,N
3660EXDDRWVP,50,N
3660EXDWLWVC,50,N
3660EXHPLWVP,0,N
3660EXHPRWVP,0,N
3660EXHWLWVN,0,N
3660LWA,20,N
3660LWD,20,N
3660LWH,20,N
3660LWS,20,N
3660M,0,N
3660MAL,50,N
3660MAR,50,N
3660MDL,50,N
3660MDR,50,N
3660MTHWRWVC,0,N
3660MWL,50,N
3660MWR,50,N
3660MXABRWVP,0,N
3660MXDDLWMH,0,N
3660MXDDLWVP,0,N
3660MXHPRWQN,0,N
3660MXHPRWVP,0,N
3660P,0,N
3660PAL,50,N
3660PAR,50,N
3660PDL,50,N
3660PDR,50,N
3660PWL,50,N
3660PWR,50,N
3660PXAXRWVP,50,N
3660PXDPRWVP,50,N
3660PXDWRWVC,20,N
3660PXHPRWVP,50,N
3660PXSXLWXX,50,N
3660RWA,20,N
3660RWD,20,N
3660RWH,20,N
3660RWS,20,N
3660VN,0,N
3660VNAL,50,N
3660VNAR,50,N
3660VNDL,50,N
3660VNDR,50,N
3660VNWL,50,N
3660VNWR,50,N
3660VTDWRWVP,50,N
3660VTHWRWVP,50,N
3660VWDDLWVP,50,N
3660VXABLWVP,50,N
3660VXDDRWVP,50,N
3660VXDPLWVP,50,N
3660VXDWLWVN,50,N
3660VXHWRWVC,0,N
3660VXHWRWVN,0,N
3660VXSXLWXX,50,N
3660WIABLWFP,0,N
3660WIABLWQP,0,N
3660WIABRWFP,0,N
3660WIABRWQP,0,N
3660WIAJRWFP,0,N
3660WIAXRWQP,0,N
3660WIDBLWFP,0,N
3660WIDDLWFC,0,N
3660WIDDLWFP,0,N
3660WIDDLWQP,0,N
3660WIDDRWFC,0,N
3660WIDDRWFP,0,N
3660WIDDRWQP,0,N
3660WIDKLWCC,0,N
3660WIDLLWFP,0,N
3660WIDLRWFP,0,N
3660WIDPRWFP,0,N
3660WIHPLWFC,0,N
3660WIHPLWFP,0,N
3660WIHPLWQP,0,N
3660WIHPRWFC,0,N
3660WIHPRWFP,0,N
3660WIHWLWFP,0,N
3660WISXRWNP,0,N
3666A,0,N
3666ARSXCBNK,100,N
3666ARSXCBXX,100,N
3666ARSXCWNJ,100,N
3666ARSXCWNP,100,N
3666ARSXCWXX,100,N
3666LXABLWVP,0,N
3666LXABRWVP,0,N
3666LXDDLWVP,0,N
3666LXDPLWQC,0,N
3666LXHPLWVP,0,N
3666LXHPRBVP,0,N
3666LXHPRWVP,0,N
3666LXHWLNVB,0,N
3666LXHWLNVP,0,N
3666LXHWLWQP,0,N
3666LXSXLWXX,0,N
3666P,0,N
3666PAL,0,N
3666PAR,0,N
3666PDL,0,N
3666PDR,0,N
3666PWL,0,N
3666PWR,0,N
3666VN,0,N
3666VNAL,50,N
3666VNAR,50,N
3666VNDL,50,N
3666VNDR,50,N
3666VNWL,50,N
3666VNWR,50,N
3666VXDDLWVP,50,N
3666VXDDRWVP,50,N
3666VXDWRWVP,50,N
3666VXHPLWVP,50,N
3666VXHPRWVP,50,N
3666VXHWRWQP,50,N
3666VXHWRWVP,50,N
3666VXSXLWNJ,50,N
3666VXSXRWXX,50,N
3672E,100,N
3672EAL,100,N
3672EAR,100,N
3672EDL,100,N
3672EDR,100,N
3672ETHTRWVC,100,N
3672EWL,100,N
3672EWR,100,N
3672EXDBRWVC,100,N
3672EXDDLWQN,100,N
3672EXDLLWVN,100,N
3672EXDLRWOC,100,N
3672EXDPRWQP,100,N
3672EXHXRBQP,100,N
3672EXHXRWVC,100,N
3672EXSXLWNP,100,N
3672EXSXLWXX,100,N
3672LXDDLWVP,50,N
3672LXHPLWVP,50,N
3672P,0,N
3672PAL,50,N
3672PAR,50,N
3672PDL,50,N
3672PDR,50,N
3672PWL,50,N
3672PWR,50,N
3672VN,10,N
3672VNAL,50,N
3672VNAR,50,N
3672VNDL,50,N
3672VNDR,50,N
3672VNWL,50,N
3672VNWR,50,N
3672VWDLLWQN,50,N
3672VWSXLWXX,50,N
3672VXABRWVP,50,N
3672VXDDLWVP,20,N
3672VXDLRWOC,20,N
3672VXDLRWQP,50,N
3672VXDLRWVP,50,N
3672VXDPLWQN,50,N
3672VXDWLWVC,50,N
3672VXDWLWVN,50,N
3672VXDWRWVC,20,N
3672VXDXLWVP,0,N
3672VXHWLWVN,0,N
3672VXHWRWVC,0,N
3672VXSXLBXX,50,N
3672VXSXLWXX,50,N
3672VXSXRBXX,50,N
3672VXSXRWXX,50,N
3672W,100,N
3672WAL,100,N
3672WDL,100,N
3672WWR,100,N
3672WXDDGWVP,100,N
3672WXDLGWOC,100,N
3672WXDLHWOC,100,N
3672WXHPGWVP,100,N
3672WXHPHWVP,100,N
3672WXHWGWVN,100,N
3672WXHXGWQP,100,N
3672WXSXCBXX,100,N
3672WXSXCWNP,100,N
3672WXSXCWXX,100,N
3871BA,100,N
3871BRABLWVP,100,N
3871BRABRWQC,100,N
3871BRHPLWVP,100,N
3871BRHPRWVP,100,N
3871BRSXLWNP,100,N
3871BW,100,N
4060N,0,N
4060NAL,50,N
4060NAR,50,N
4060NDL,50,N
4060NDR,50,N
4060NTDWHNVP,0,N
4060NWHPGWVP,50,N
4060NWL,50,N
4060NWR,50,N
4060NXABHWQP,50,N
4060NXABHWVP,50,N
4060NXDCGWVP,50,N
4060NXDDHWVP,50,N
4060NXDLHBOC,50,N
4060NXDLHWOC,50,N
4060NXDWHWQP,50,N
4060NXHPGWVP,50,N
4060NXHWGWVN,50,N
4060NXHWHBVP,50,N
4060NXHWHWVN,50,N
4060NXHXHWVP,50,N
4060NXSXCWXX,50,N
4170I,100,N
4170IAL,100,N
4170IAR,100,N
4170IDDDGWVP,100,N
4170IDDDHWQN,100,N
4170IDDDHWVP,100,N
4170IDDKGWSC,100,N
4170IDDLGWQN,100,N
4170IDDLHWOC,100,N
4170IDDWGWVN,100,N
4170IDDWGWVP,100,N
4170IDDWHWVC,100,N
4170IDDWHWVN,100,N
4170IDDWHWVP,100,N
4170IDHPHWVP,100,N
4170IDHVGWQP,100,N
4170IDHWGWVN,100,N
4170IDHWGWVP,100,N
4170IDHWHWVC,100,N
4170IDHWHWVP,100,N
4170IDHXHWVP,100,N
4170IDL,100,N
4170IDR,100,N
4170IDSXCWXX,100,N
4170IWABGWVP,100,N
4170IWDKHWOD,100,N
4170IWDLGWOC,100,N
4170IWL,100,N
4170IWR,100,N
4170IWSXCWXX,100,N
4260GXDDLWVP,50,N
4260GXHWRWVC,50,N
4260GXSXLWXX,50,N
4260GXSXRWNJ,50,N
4260V,0,N
4260VAL,50,N
4260VDL,50,N
4260VMSXRWXX,0,N
4260VN,0,N
4260VNAL,50,N
4260VNAR,50,N
4260VNDL,50,N
4260VNDR,50,N
4260VNWL,50,N
4260VNWR,50,N
4260VWL,50,N
4260VXDVRWVP,0,N
4260VXDWRWQN,0,N
4260VXHPLWQP,0,N
4260VXHPRWQN,0,N
4260VXHPRWVP,0,N
4260VXHWLWQP,0,N
4260VXHWLWVP,0,N
4260VXSXLBXX,0,N
4260VXSXLWXX,0,N
4260VXSXRWXX,0,N
4266LXABRWVP,100,N
4266LXDLRWOC,100,N
4266LXHPLWVP,100,N
4266LXHPRWVP,100,N
4266LXSXLWXX,100,N
4266LXSXRBXX,100,N
4266P,100,N
4266PAL,100,N
4266PAR,100,N
4266PDL,100,N
4266PDR,100,N
4266PWL,100,N
4266PWR,100,N
4270P,0,N
4270PAL,0,N
4270PAR,0,N
4270PDL,50,N
4270PDR,50,N
4270PWL,50,N
4270PWR,50,N
4270PXDPRWVP,50,N
4270PXDWRWQN,20,N
4270PXHPLWVP,50,N
4272E,100,N
4272EAL,100,N
4272EAR,100,N
4272EDL,100,N
4272EDR,100,N
4272EWHPRWVP,100,N
4272EWL,100,N
4272EWR,100,N
4272EXDDRWVP,100,N
4272EXDWRWVP,100,N
4272EXHNLWQP,100,N
4272EXHXLBVP,100,N
4272EXHXLWVP,100,N
4272EXSXLWXX,100,N
4272EXSXRWXX,100,N
4272GWDDHWVP,100,N
4272GXDDHWVP,100,N
4272GXDLGWVP,100,N
4272GXDLHWVP,100,N
4272GXHPLWVP,100,N
4272GXHPRWVP,100,N
4272GXSXLWXX,100,N
4272LXABLWVP,100,N
4272LXDDRWVP,100,N
4272LXDLLWQP,100,N
4272LXDLRWOD,100,N
4272LXHPLWVP,100,N
4272LXHPRWVP,100,N
4272LXHWRWVN,100,N
4272LXSXLWXX,100,N
4272P,0,N
4272PAL,50,N
4272PAR,50,N
4272PDL,50,N
4272PDR,50,N
4272PWL,50,N
4272PWR,50,N
4272V,100,N
4272VAL,100,N
4272VAR,100,N
4272VC,100,N
4272VCAL,100,N
4272VCDL,100,N
4272VCDR,100,N
4272VCWL,100,N
4272VDR,100,N
4272VMHVHWVP,0,N
4272VMHXLWVP,0,N
4272VN,100,N
4272VNAL,100,N
4272VNAR,100,N
4272VNDL,100,N
4272VNDR,100,N
4272VNWL,100,N
4272VNWR,100,N
4272VTDWGWQP,0,N
4272VTHXGWVP,0,N
4272VVSXCWXX,0,N
4272VWDWHBQN,0,N
4272VWL,100,N
4272VWR,100,N
4272VWSXRWXX,0,N
4272VXDDHWVP,0,N
4272VXDDLWVP,0,N
4272VXDLRWOC,0,N
4272VXDWGWQP,0,N
4272VXDWRWVN,100,N
4272VXDWRWVP,0,N
4272VXDXLWQC,0,N
4272VXDXRWVP,0,N
4272VXHPLWQC,0,N
4272VXHPLWQP,0,N
4272VXHPRWQC,0,N
4272VXHPRWVP,0,N
4272VXHWHWVP,0,N
4272VXHWLWQP,0,N
4272VXHWRWQP,0,N
4272VXHXGWVP,0,N
4272VXHXLWQC,0,N
4272VXHXLWVP,0,N
4272VXSXCNXX,0,N
4272VXSXCWXX,0,N
4272VXSXLWXX,0,N
4272VXSXRBXX,0,N
4272VXSXRNXX,0,N
4272VXSXRWXX,0,N
4272W,50,N
4272WAL,50,N
4272WDR,50,N
4272WWL,50,N
4272WWR,50,N
4272WXABGWVP,50,N
4272WXDDGWVP,50,N
4272WXDDHWVP,50,N
4272WXDLGWQP,50,N
4272WXDLHWOC,50,N
4272WXHPGWVP,50,N
4272WXHPHWQP,50,N
4272WXHPHWVP,50,N
4272WXHXHWVP,50,N
4272WXSXCWXX,50,N
4384GXAXLWQP,100,N
4384GXDLRWOC,100,N
4384GXHPRWVP,100,N
4384GXHWLWVC,100,N
4384GXSXLWXX,100,N
4384V,100,N
4384VAL,100,N
4384VAR,100,N
4384VDL,100,N
4384VDR,100,N
4384VWL,100,N
4384VWR,100,N
4478PC,100,N
4478PCDL,100,N
4478PCDR,100,N
4478PXDWGWOC,100,N
4478PXDWHBVC,100,N
4478PXHXHWQP,100,N
4478PXSXCWXX,100,N
4678I,0,N
4678IAL,0,N
4678IAR,0,N
4678IDL,0,N
4678IDR,0,N
4678INAXHWQC,0,N
4678INDKGWVP,0,N
4678INDLGNOD,0,N
4678INDLGWOC,0,N
4678INDLGWVP,0,N
4678INDLHWOC,0,N
4678INDVHWQC,0,N
4678INDWHWQN,0,N
4678INDWHWQP,0,N
4678INHPHWVP,0,N
4678INHXHWQP,0,N
4678INSTCWQP,0,N
4678IWL,0,N
4678IWR,0,N
4860N,100,N
4860NAL,100,N
4860NAL-BISCUIT,100,N
4860NAR,100,N
4860NDL,100,N
4860NDR,100,N
4860NTHXGBVP,100,N
4860NVSXCWXX,100,N
4860NWHXHWOF,100,N
4860NWL,100,N
4860NWR,100,N
4860NXDDGWVP,100,N
4860NXDDHWVP,100,N
4860NXDLHWOC,100,N
4860NXDPGWQP,100,N
4860NXDXHWQP,100,N
4860NXDXHWVP,100,N
4860NXHPGWVP,100,N
4860NXHPHWVP,100,N
4860NXHWGWVN,100,N
4860NXHWGWVP,100,N
4860NXHWHWVN,100,N
4860NXHXGWQP,100,N
4860NXHXHWQP,100,N
4860NXHXHWVP,100,N
4860NXSXCWNJ,100,N
4860NXSXCWXX,100,N
4872C,100,N
4872CAL,100,N
4872CAR,100,N
4872CDL,100,N
4872CDR,100,N
4872CDR(BISCUIT),100,N
4872CWL,100,N
4872CWR,100,N
4872HXABLWVP,100,N
4872HXABRWVP,100,N
4872HXDDLWVP,100,N
4872HXDDRWVP,100,N
4872HXDLLWOC,100,N
4872HXDLRWOC,100,N
4872HXDWLWVN,100,N
4872HXDWRWVN,100,N
4872HXHPLWVP,100,N
4872HXHPRWVP,100,N
4872HXHWLWQP,100,N
4872HXSXLBXX,100,N
4872HXSXLWXX,100,N
4878C,100,N
4878CAL,100,N
4878CAR,100,N
4878CDL,100,N
4878CDR,100,N
4878CS(BISCUIT),100,N
4878CWL,100,N
4878CWR,100,N
4878HXDDGWQC,100,N
4878HXDLGWOC,100,N
4878HXDVHWVN,100,N
4878HXDWGWVN,100,N
4878HXDWGWVP,100,N
4878HXHPGWVP,100,N
4878HXHPHWVC,100,N
4878HXHPHWVP,100,N
4878HXHWGWVC,100,N
4878HXHWHWVC,100,N
4878HXHXHWVP,100,N
4878HXSXCWNP,100,N
4878HXSXCWXX,100,N
5472C,100,N
5472CAL,100,N
5472CAR,100,N
5472CDL,100,N
5472CDR,100,N
5472CWL,100,N
5472CWR,100,N
5472CXABLWVP,100,N
5472CXABRWVP,100,N
5472CXAJLWVP,100,N
5472CXATLWVP,100,N
5472CXAXRWVP,100,N
5472CXDDLBVP,100,N
5472CXDDLWQP,100,N
5472CXDDLWVC,100,N
5472CXDDLWVP,100,N
5472CXDDRWVP,100,N
5472CXDKLWOC,100,N
5472CXDLLWOC,100,N
5472CXDLLWVP,100,N
5472CXDLRWOC,100,N
5472CXDNLBVP,100,N
5472CXDNLNVP,100,N
5472CXDPLWQC,100,N
5472CXDVLWVC,100,N
5472CXDWLNVP,100,N
5472CXDWLWVP,100,N
5472CXDWRWVB,100,N
5472CXDWRWVN,100,N
5472CXDWRWVP,100,N
5472CXDXLWQP,100,N
5472CXHNLWOC,100,N
5472CXHNLWVP,100,N
5472CXHPLWVP,100,N
5472CXHPRWVP,100,N
5472CXHWLNVP,100,N
5472CXHWLWVC,100,N
5472CXHWLWVN,100,N
5472CXHWLWVP,100,N
5472CXHWRWQP,100,N
5472CXHWRWVP,100,N
5472CXSXLBXX,100,N
5472CXSXLWXX,100,N
5472CXSXRWXX,100,N
6060A,100,N
6060AAL,100,N
6060AAR,100,N
6060ADL,100,N
6060ADR,100,N
6060ALDPGWQP,100,N
6060ALHPGWVP,100,N
6060ALHPHWVP,100,N
6060ALHWGWVN,100,N
6060ALSXCWXX,100,N
6060AWL,100,N
6060AWR,100,N
6060C,100,N
6060CAL,100,N
6060CAR,100,N
6060CDL,100,N
6060CDR,100,N
6060CS,100,N
6060CSABGWVP,100,N
6060CSABHWVP,100,N
6060CSAXGWVP,100,N
6060CSDDGWQP,100,N
6060CSDDGWVP,100,N
6060CSDDHWVP,100,N
6060CSDLGWOC,100,N
6060CSDLHWOC,100,N
6060CSDLHWQN,100,N
6060CSDPGWVP,100,N
6060CSHWHWVP,100,N
6060CSSXCWXX,100,N
6060CWL,100,N
6060CWR,100,N
6060E,0,N
6060EAL,50,N
6060EAR,50,N
6060EDL,50,N
6060EDR,50,N
6060EPDWHWVC,50,N
6060EPHPHWVP,50,N
6060EPHWGNVP,50,N
6060EPSXCBXX,50,N
6060EPSXCWXX,50,N
6060EWL,50,N
6060EWR,50,N
6060S,1,N
6060SAL,50,N
6060SAR,50,N
6060SBWR,0,N
6060SDL,50,N
6060SDL-CHROME,0,N
6060SDR,50,N
6060SLABGWVP,50,N
6060SLABHWVP,50,N
6060SLDCGWVP,50,N
6060SLDDGWVP,50,N
6060SLDDHBVP,50,N
6060SLDDHWVP,50,N
6060SLDLGWOC,0,N
6060SLDLGWSD,0,N
6060SLDLHWOC,0,N
6060SLDPGWVP,50,N
6060SLDPHWQP,50,N
6060SLDPHWVP,20,N
6060SLDWHWVP,0,N
6060SLHPGWVP,50,N
6060SLHPHWQB,50,N
6060SLHPHWQC,0,N
6060SLHPHWVP,50,N
6060SLHWGBVB,50,N
6060SLHWGWVN,50,N
6060SLHWGWVP,50,N
6060SLHWHWVN,50,N
6060SLSXCWNP,50,N
6060SLSXCWXX,50,N
6060SWL,50,N
6060SWR,50,N
6060V,50,N
6060VAL,50,N
6060VAR,50,N
6060VDL,50,N
6060VDR,50,N
6060VNDNHWQP,50,N
6060VNDWGBQP,0,N
6060VNHWGWVP,50,N
6060VNSXCWXX,50,N
6060VWL,50,N
6060VWR,50,N
6131KW,24,N
6131KWSXCWXX,24,N
FT-AZ505,24,N
6247-FF-20073,0,N
FR-AZ073,0,Y
6247-FF-60473,0,N
FR-AZ473,0,N
6247-FF-60473BN,0,N
6247-FF-60473MB,2,N
6247-FF-60574,48,N
FR-AZ574,48,Y
6247-FF-61274,0,Y
FR-AZ274,0,Y
6247-FF-80073,0,N
FR-AZ801,0,N
6247-FF-80174,3,N
FR-AZ174,3,Y
6247-FF-80273 CH,0,Y
FR-AZ273,0,Y
6247-FF-80274,12,N
FR-AZ275,12,Y
6247-FF-80573,0,Y
FR-AZ573,0,Y
6247-FF-80975,0,Y
FR-AZ975,0,Y
6247-FF-81073,58,N
FR-AZ810,58,Y
6628BT,0,N
6728LH,17,N
6728LHSXCWXX,17,N
FT-AZ503,17,Y
FT-AZ8414,17,N
6730CD,18,N
6730CDSXLWXX,18,Y
FT-AZ507,18,N
FT-AZ8418,18,N
6730CR,0,N
6730ML,0,N
6730NR,6,N
6730NRSXCWXX,6,Y
FT-AZ006,6,Y
6730RT,0,N
6731AT,0,N
6731ATSXCWXX,0,Y
6731BW,0,N
6731BWSXCWXX,0,Y
6731BWSXCWXX- OLD,0,N
6731FL,0,Y
FT-AZ8421,0,Y
6733AN,17,N
6733ANSXCWXX,17,N
BS-S06,17,N
FT-AZ502,17,N
6736MQ,28,N
6736MQSXCWXX,28,N
BS-S29,28,N
6736MQSXCWXX-001,0,N
7131AS,3,N
7131ASSXCWXX,3,N
FT-AZ8402,3,N
7131BH,15,N
7131BHSXCWXX,15,N
FT-AZ509,15,N
FT-AZ8419,15,Y
7136GN,1,N
7136GNSXLWXX,1,Y
FT-AZ506,1,N
FT-AZ8417,1,Y
7233LC,34,N
7233LCSXCWXX,34,N
FT-AZ508,34,N
FT-AZ8420,34,N
7541CB,13,N
7541CBSXCWXX,13,N
FT-AZ504,13,N
FT-AZ8415,13,N
A-1 SQUARE WHITE,0,Y
ABL3060LWA,20,N
ABL3060LWH,20,N
ABL3060LWS,20,N
ABL3060RWA,20,N
ABL3060RWH,20,N
ABL3060RWS,20,N
AC-AZ001,0,Y
AC-AZ002,0,Y
AC-AZ002BN,0,N
AC-AZ003,30,N
AC-AZ003BN,263,N
AC-AZ004,8,N
AC-AZ005,0,Y
AC-AZ005BN,141,N
AC-AZ006,0,N
AC-AZ006BN,0,N
AC-AZ007,0,N
AC-AZ007BN,1,Y
AC-AZ008,0,N
AC-AZ008BN,0,N
AC-AZ009,0,Y
AC-AZ009BN,245,N
AC-AZ010,0,N
AC-AZ049BN,0,N
AC-AZ050,0,N
AC-AZ050BN,3,Y
AC-AZ051,21,N
AC-AZ051BN,0,Y
AC-AZ052,86,N
AC-AZ052BN,0,N
AC-AZ053,16,N
AC-AZ054,152,N
AC-AZ054BN,22,N
AC-AZ055,0,N
AC-AZ055BN,3,N
AC-AZ056BN,0,N
AC-AZ057,166,N
AC-AZ058,0,N
AC-AZ061,245,N
AC-AZ202,0,N
AC-AZ202_SHOWER SEAT 2,1,N
AC-AZ202MB,0,N
AC-AZ203,0,N
AC-AZ203MB,0,N
AC-AZ204,0,N
AC-AZ205,0,N
AC-AZ8207,0,N
AC-AZ8208,0,Y
AC-AZ8210,0,Y
AC-AZSC64CH,0,N
AC-AZSR55BN,241,N
AC-AZSR55CH,396,N
AC-AZSR55MB,345,N
AC-AZSR55ORB,3,N
AC-AZSR88BN,0,N
AC-AZSR88CH,194,N
AC-AZSR88MB,203,N
AC-AZSR88ORB,437,N
AMZ2646LBS,50,Y
AMZ2646LWS,50,N
AMZ2646RBS,50,Y
AMZ2646RWS,50,N
AMZ2653LWH-CP,0,N
AMZ2653LWS,0,N
AMZ2653LWS-CP,50,N
AMZ2653RWH-CP,0,N
AMZ2653RWS,0,N
AMZ2653RWS-CP,50,N
AMZ2851LBS,0,Y
AMZ2851RBS,50,N
AMZ2853LWH,50,N
AMZ2853RBH,0,N
AMZ3053LWD,50,N
AMZ3053LWH,50,N
AMZ3053LWS,0,N
AMZ3053RWD,50,N
AMZ3053RWH,50,N
AMZ3053RWS,0,N
AMZ3060SILWH,1,N
AMZ3060SILWS,50,N
AMZ3060SIRWH,50,N
AMZ3060SIRWS,3,N
AMZ3060WCALWD,10,N
AMZ3060WCARWD,50,N
AMZ3060WILWD,50,N
AMZ3060WILWS,1,N
AMZ3060WIRWD,50,N
AMZ3060WIRWS,0,N
AMZ3153RBS,0,N
AMZ3260LWD,50,N
AMZ3260LWH,50,N
AMZ3260LWS,50,N
AMZ3260RBD,50,N
AMZ3260RBS,50,N
AMZ3260RWD,50,N
AMZ3260RWH,50,N
AMZ3260RWS,0,N
AMZ3660LWD,50,N
AMZ3660RWD,50,N
AMZ5326LWD,0,N
AMZ5326RWD,2,N
AZ3060SHL-16,141,N
AZ3060SHR-16,199,N
AZ3672VNS,20,N
AZ4060NS,20,N
AZ6060CS,20,N
AZ6060SS,20,N
AZB2653LWA,50,N
AZB2653LWD,50,N
AZB2653RWA,50,N
AZB2653RWD,50,N
AZ-BTSS-01B,0,N
AZ-BTSS-01BL,0,N
AZ-BTSS-01G,1,N
AZ-BTSS-01P,0,N
AZ-BTSS-01R,0,N
B-1050,156,N
B-1200,0,N
B2646LWA,50,N
B2646LWD,50,N
B2646RWA,50,N
B2646RWD,50,N
B2653LWD,50,N
B2653LWH,0,N
B2653RWD,50,N
B2653RWH,0,N
B3053RBS,0,N
B3060LWH,0,N
B3060RWH,0,N
B3660LWA,0,N
B3660LWD,0,N
B3660LWH,0,N
B3660LWS,0,N
B3660RWA,0,N
B3660RWD,0,N
B3660RWH,0,N
B3660RWS,0,N
B-450,28,N
B-600,4,N
B-750,55,N
B-900,257,N
BA-LMDFV002WH,32,N
BA-LMDFVCB007AL,11,N
BA-LMDFX003AL,97,N
BA-LMDFX004AL,81,N
BA-LMDFX008AL,26,N
BA-LMDFX010AL,0,N
BA-LMDFX011AL,0,Y
BA-LMDFX012AL,0,N
BA-LMDFX013AL,40,N
BA-LMDFX014AL,23,N
BA-LMDFX015AL,1,N
BA-LMDFX016AL,30,N
BA-LMDFX017AL,15,N
BA-LMDFX018AL,9,N
BA-LMDFX019AL,0,N
BA-LMDFX021AL,62,N
BA-LMDFX022AL,0,N
BA-LMDFX023AL,0,N
BA-LMDFXBT005WH,47,N
BKT1050BN-A,50,N
BKT1050BN-ADP,50,N
BKT1050CH-A,50,N
BKT1050CH-ADP,50,N
BKT1050GD-A,50,N
BKT1050MK-A,50,N
BKT1050MK-ADP,50,N
BKT1050ORB-A,50,N
BKT1050ORB-ADP,50,N
BKT1200BN-A,50,N
BKT1200BN-ADP,50,N
BKT1200CH-A,50,N
BKT1200CH-ADP,50,N
BKT1200GD-A,50,N
BKT1200GD-ADP,50,N
BKT1200MK-A,50,N
BKT1200MK-ADP,50,N
BKT1200ORB-A,50,N
BKT1200ORB-ADP,50,N
BKT1500BN-ADP,50,N
BKT1500CH-ADP,50,N
BKT1500GD-ADP,50,N
BKT1500MK-ADP,50,N
BKT1500ORB-ADP,50,N
BKT1800BN-ADP,50,N
BKT1800CH-ADP,50,N
BKT1800GD-ADP,50,N
BKT1800MK-ADP,50,N
BKT1800ORB-ADP,50,N
BKT2100BN-ADP,50,N
BKT2100CH-ADP,50,N
BKT2100GD-ADP,50,N
BKT2100MK-ADP,50,N
BKT2100ORB-ADP,50,N
BKT2400BN-ADP,50,N
BKT2400CH-ADP,50,N
BKT2400GD-ADP,50,N
BKT2400MK-ADP,50,N
BKT2400ORB-ADP,50,N
BKT450BN-A,50,N
BKT450BN-ADP,50,N
BKT450CH-A,50,N
BKT450CH-ADP,50,N
BKT450GD-A,50,N
BKT450GD-ADP,50,N
BKT450MK-A,50,N
BKT450MK-ADP,50,N
BKT450ORB-A,50,N
BKT450ORB-ADP,50,N
BKT600BN-A,50,N
BKT600BN-ADP,50,N
BKT600CH-A,50,N
BKT600CH-ADP,50,N
BKT600GD-A,50,N
BKT600GD-ADP,50,N
BKT600MK-A,50,N
BKT600MK-ADP,50,N
BKT600ORB-A,50,N
BKT600ORB-ADP,50,N
BKT750BN-A,50,N
BKT750BN-ADP,50,N
BKT750CH-A,50,N
BKT750CH-ADP,50,N
BKT750GD-A,50,N
BKT750GD-ADP,50,N
BKT750MK-A,50,N
BKT750MK-ADP,50,N
BKT750ORB-A,50,N
BKT750ORB-ADP,50,N
BKT900BN-A,50,N
BKT900BN-ADP,50,N
BKT900CH-A,50,N
BKT900CH-ADP,50,N
BKT900GD-A,50,N
BKT900GD-ADP,50,N
BKT900MK-A,50,N
BKT900MK-ADP,50,N
BKT900ORB-A,50,N
BKT900ORB-ADP,50,N
C-6 WHITE,0,N
CAMO-TUB,0,N
CS-CTRCS00WH,1,N
CS-CTRSS00WH,400,N
CS-CTRSS01WH,111,N
CS-CTRTP00MB,10,N
CS-CTRTP00MW,347,N
CS-FGC001-BN,269,N
CS-FGC001-MB,99,N
CS-FGC001-MB-FBA,0,N
CS-FGC002-MB,1,N
CS-FGC004-BG,0,Y
CS-FGC004-BN,0,Y
CS-FGC004-MB,21,N
CS-FGC004-RG,0,N
CS-FGC004-RG-FBA,0,N
CS-FGC005-BG,137,N
CS-FGC005-BG-FBA,0,N
CS-FGC005-BN,126,N
CS-FGC005-BN-FBA,0,N
CS-FGC005-MB,169,N
CS-FGC005-MB-FBA,0,N
CS-FRDKDGL00BN,126,N
CS-FRGLPNL00BG,127,N
CS-FRGLPNL00BN,269,N
CS-FRGLPNL00MB,99,N
CS-FRGLPNL01MB,1,N
CS-FRKD00BG,0,Y
CS-FRKD00BN,0,N
CS-FRKD00MB,0,N
CS-FRKD00RG,0,N
CS-FRKD01BG,0,N
CS-FRKD01BN,0,N
CS-FRKD01MB,21,N
CS-FRKD01RG,0,N
CS-FRKDGL00BG,137,N
CS-FRKDGL00MB,169,N
CT100-A_HW,0,Y
D-1050,24,N
D-1050,24,N
D-1050-A,24,N
D-1200,1,N
D-1200,1,N
D-1200-A,1,N
D-450,10,N
D-450-A,10,N
D-600,0,N
D-600-A,0,N
D-750,78,N
D-750-A,78,N
D-900,50,N
D-900-A,50,N
DIS3060SL,47,N
DIS3060SR,0,N
DIS3260E,0,N
DIS3260SL,89,N
DIS3260SR,25,N
DIS3260V,284,N
DIS3272V,0,N
DIS3660E,0,N
DIS3672E,0,N
DIS4878C,0,N
DIS6060S,0,N
DT1090TRIM-CH,0,N
DT1090TRIM-GD,0,N
DT1090TRIM-MK,0,N
DT1090TRIM-NIK,0,N
DT1090TRIM-ORB,1,N
DT-AZ6060CS,20,N
DT-AZ6060SS,20,N
DTPBN,0,N
DTPCH,0,Y
DTPGD,0,N
DTPMK,1,N
DTPMK2,67,N
DTPORB,0,N
EB2851LBS,0,N
EB2851LWD,0,N
EB2851LWH,0,N
EB2851LWS,0,N
EB2851RBD,0,N
EB2851RBS,0,N
EB2851RWS,0,N
EB2851WIDLRWFC-IV,0,N
EF-AZ101WH,0,N
EF-AZ102WH,0,N
EF-AZ103WH,0,N
EF-AZ104WH,0,N
EF-AZ105WH,0,N
EF-AZ106MB,0,N
EF-AZ106WH,0,N
EF-AZ107WH,26,N
EF-AZ108WH,292,N
3140SEN,1,N
F3238,104,N
FG-RVB900ORB-A,50,N
FHC20174,5399,N
FHC20174B,48,N
FHC20174BN,0,N
FHC20174MB,0,N
FR-AZ010,200,N
FR-AZ038CH,9,N
FR-AZ039CH,0,Y
FR-AZ040CH,0,Y
FR-AZ043CH,0,Y
FR-AZ044CH,0,N
FR-AZ048CH,0,Y
FR-AZ090BN,0,Y
FR-AZ090CH,0,Y
FR-AZ090ORB,0,Y
FR-AZ091BN,0,Y
FR-AZ091CH,0,Y
FR-AZ091ORB,0,Y
FR-AZ102BN,0,N
FR-AZ102ORB,0,Y
FR-AZ376,12,N
FS-AZ0025CH-FBA,0,Y
FS-AZ0026BN,0,Y
FS-AZ0026CH,3,Y
FS-AZ0028CH,0,Y
FS-AZ0029BN,0,N
FS-AZ0029CH,0,Y
FS-AZ0031BN,0,Y
FS-AZ0031CH,0,N
FS-AZ0037BN,9,N
FS-AZ0037CH,0,Y
FS-AZ0042BN,0,Y
FS-AZ0042CH,0,Y
FS-AZ0044BN,2,N
FS-AZ0044CH,0,Y
FS-AZ0047BK,31,N
FS-AZ0047BN,168,N
FS-AZ0025BN,168,N
FS-AZ0047CH,513,N
FS-AZ0025CH,513,Y
FS-AZ0047ORB,14,N
FS-AZ0048BN,0,N
FS-AZ0050BN,1,N
FS-AZ0050CH,2,N
FS-AZ0052BK,231,N
FS-AZ0052BN,232,N
FS-AZ0052CH,39,N
FS-AZ0059BK,37,N
FS-AZ0059BN,0,N
FS-AZ0059CH,0,Y
FS-AZ0059ORB,0,Y
FS-AZ0061RG,0,Y
FT-3267VL,1,N
FT-5927BL,0,Y
5927BLSXCWXX,0,Y
BS-S03,0,Y
FT-AZ501,0,Y
FT-AZ_INTAKE CHECK-VALVE,0,N
FT-AZ004-OLD,0,N
FT-AZ005-OLD,0,N
FT-AZ006-OLD,0,N
FT-AZ067(KIT),42,N
FT-AZ077,0,N
FT-AZ087,0,N
FT-AZ090,117,N
FT-AZ091,0,N
FT-AZ092,0,Y
FT-AZ093,42,N
FT-AZ094,5,N
FT-AZ095,25,N
FT-AZ096,20,N
FT-AZ098,427,N
FT-AZ009,427,Y
FT-AZ098-55,69,N
FT-AZ098-55BK,65,N
FT-AZ098-59BK,114,N
FT-AZ098BK,10,N
FT-AZ013,10,Y
FT-AZ099,1,N
FT-AZ101,100,N
FT-AZ102,177,N
FT-AZ112,180,N
FT-AZ113,0,Y
FT-AZ114-5973CH,0,Y
FT-AZ114-67,37,N
FT-AZ114-6773CH,0,Y
FT-AZ115,0,N
FT-AZ125,1,Y
FT-AZ130,1,N
FT-AZ130_DRAIN,43,N
FT-AZ130_FOOT,0,N
FT-AZ130_INSTALLATIONBARS,0,N
FT-AZ131,18,N
FT-AZ131_DRAIN,20,N
FT-AZ131_INSTALLATIONBARS,0,N
FT-AZ132_CFMB_DRAIN,2,N
FT-AZ132_INSTALLATIONBARS,182,N
FT-AZ132CH_DRAIN,1,N
FT-AZ201,167,N
FT-AZ201R,100,Y
FT-AZ202,50,N
FT-AZ203,0,Y
FT-AZ204,20,N
FT-AZ211,25,N
FT-AZ302-OLD,0,N
FT-AZ401,338,N
FT-AZ506-OLD,0,N
FT-AZ507-OLD,0,N
FT-AZ510,28,N
FT-AZ510-OLD,0,N
FT-AZ511-OLD,0,N
FT-AZ514,52,N
FT-AZ514_COLD WATER VALVE,0,N
FT-AZ514_DRAIN COVER,0,N
FT-AZ514_HEADREST,0,N
FT-AZ514_HOT WATER VALVE,0,N
FT-AZ514_SHOWER HEAD,2,N
FT-AZ514_SUPPLY HOSE,6,N
FT-AZ520-RD,0,Y
FT-AZ521,0,N
FT-AZ521-BL,1,Y
FT-AZ521-PU,0,Y
FT-AZ523-GR,0,Y
FT-AZ848,2,Y
FT-FAFT001CH,0,N
FT-LXFT001CH,97,N
FT-LXFT001CH_HW,0,N
FT-XX101,0,Y
FT-XX102,0,Y
FT-XX201,0,Y
GC-BTSS-01B,0,N
GC-BTSS-01BL,0,N
GC-BTSS-01G,0,N
GC-BTSS-01P,0,N
GC-BTSS-01R,0,N
G-CLIGHT,2196,N
G-CLIGHT-B,0,N
GD-AZ212,12,N
GD-AZ234,3,Y
G-DPAN,3511,N
G-DRNHD_BN,10,N
G-DRNHD_CH,13,N
G-DRNHD_MK,34,N
G-DRNHD_OB,75,N
G-DRNHD_PG,6,N
G-LED,60,N
G-OILCN,165,N
G-OILCN3,165,N
G-OILEUC,145,N
G-OILEUC1K,9,N
G-OILEUC3,0,Y
G-OILLAV,366,N
G-OILLAV1K,7,N
G-OILLAV3,0,N
G-OILLEM1K,13,N
G-OILPEP,23,N
G-OILPEP3,23,N
G-OILPEP1K,66,N
G-OILTEATREE1K,27,N
G-OILTTR,101,N
G-OILTTR3,101,Y
G-OILVAN,0,N
G-OILVAN3,0,N
G-SC-200-00,31,N
G-SC-200-BN,0,Y
G-SC-200-MK,0,Y
G-SC-200-MK,0,Y
G-SC-200-PC,0,Y
G-SC-200-PG,0,Y
SSP-G-SC-200-PG,0,N
G-SC-2-75-BN,0,Y
G-SC-2-75-MK,0,Y
G-SC-2-75-OB,81,Y
G-SC-2-75-OB,81,N
G-SC-2-75-PC,0,Y
G-SC-2-75-PG,0,Y
G-SHBN,2441,N
G-SHCHROME,3160,N
G-SHGOLD,790,N
G-SHMK,1995,N
G-SHOB,3073,N
G-SRV,3086,N
G-STEAMFILT,50,N
G-STEAMFILT-CAR,2662,N
HD2646LWD-55,50,N
HD2646LWH-55,50,N
HD2646LWH-65,50,N
HD2953WCARWD-55,0,N
HD3053RBA-CM-SE,0,N
HD3053RWH-63,10,N
HD3060WILWH-55,0,N
HD3060WILWH-63,20,N
HD3060WIRWD-55,0,N
HD3060WIRWD-65,0,N
HDSI3060LWA-63,0,N
HDSI3060RWH-55,0,N
ID-AZBD01,177,N
ID-WALBD01,177,N
ID-AZBD02,44,N
ID-AZBD03,33,N
ID-AZBD04,57,N
ID-AZBD05,11,N
ID-WALBD05,11,N
ID-AZBD06,56,N
ID-AZBD07,23,N
ID-WALBD07,23,N
ID-AZBD08,54,N
ID-WALBD08,54,N
ID-AZBD09,60,N
ID-WALBD09,60,N
ID-WALBD07,0,N
IN1050BN,0,Y
IN1050BN-A,0,Y
IN1050CH,0,Y
IN1050CH-A,0,Y
IN1050GD,0,Y
IN1050GD-A,0,Y
IN1050MK,0,Y
IN1050MK-A,0,Y
IN1050OB,0,Y
IN1050OB-A,0,Y
IN1200BN,0,Y
IN1200BN-A,0,Y
IN1200CH,0,Y
IN1200CH-A,0,Y
IN1200GD,0,Y
IN1200GD-A,0,Y
IN1200MK,0,Y
IN1200MK-A,0,Y
IN1200OB,0,Y
IN1200OB-A,0,Y
IN450BN,0,Y
IN450BN-A,0,Y
IN450CH,0,Y
IN450CH-A,0,Y
IN450GD,0,Y
IN450GD-A,0,Y
IN450MK,0,Y
IN450MK-A,0,Y
IN450OB,0,Y
IN450OB-A,0,Y
IN600BN,0,Y
IN600BN-A,0,Y
IN600CH,0,Y
IN600CH-A,0,Y
IN600GD,0,Y
IN600GD-A,0,Y
IN600MK,0,Y
IN600MK-A,0,Y
IN600OB,0,Y
IN600OB-A,0,Y
IN750BN,0,Y
IN750BN-A,0,Y
IN750CH,0,Y
IN750CH-A,0,Y
IN750GD,0,Y
IN750GD-A,0,Y
IN750MK,0,Y
IN750MK-A,0,Y
IN750OB,0,Y
IN750OB-A,0,Y
IN900BN,0,Y
IN900BN-A,0,Y
IN900CH,0,Y
IN900CH-A,0,Y
IN900GD,0,Y
IN900GD-A,0,Y
IN900MK,0,Y
IN900MK-A,0,Y
IN900OB,0,Y
IN900OB-A,0,Y
INPKBN,0,Y
INPKCH,0,Y
INPKGO,0,Y
INPKOB,0,Y
INT1050BN,50,N
INT1050BN-A,50,N
INT1050CH,50,N
INT1050CH-A,50,N
INT1050OB,50,N
INT1050OB-A,50,N
INT1200BN,50,N
INT1200BN-A,50,N
INT1200CH,50,N
INT1200CH-A,50,N
INT1200OB,50,N
INT1200OB-A,50,N
INT450BN,50,N
INT450BN-A,50,N
INT450CH,50,N
INT450CH-A,50,N
INT450OB,50,N
INT450OB-A,50,N
INT600BN,50,N
INT600BN-A,50,N
INT600CH,50,N
INT600CH-A,50,N
INT600OB,50,N
INT600OB-A,50,N
INT750BN,50,N
INT750BN-A,50,N
INT750CH,50,N
INT750CH-A,50,N
INT750OB,50,N
INT750OB-A,50,N
INT900BN,50,N
INT900BN-A,50,N
INT900CH,50,N
INT900CH-A,50,N
INT900OB,50,N
INT900OB-A,50,N
INTPKBN,50,N
INTPKCH,50,N
INTPKOB,50,N
K-AZ221-1A,0,N
K-AZ8321,0,Y
K-AZ223-2A,0,Y
K-AZ8323,0,Y
K-AZ223-2B,0,N
K-AZ224-2A,0,Y
K-AZ225-1A,70,N
K-AZ226-1A,0,N
K-AZ227-1A,31,N
K-AZ227-2B,34,N
K-AZ2318-1A,0,Y
K-AZ240,0,Y
SK-001,0,Y
K-AZ243,0,N
SK-004,0,Y
K-AZ254,0,Y
SK-015,0,Y
K-AZ255,0,N
SK-016,0,Y
K-AZ257,0,N
SK-018,0,N
K-AZ261,0,N
SK-024,0,Y
K-AZ265,0,Y
SK-029,0,Y
K-AZ267,0,Y
SK-031,0,Y
K-AZ270-A1,0,Y
K-AZ271-A1,0,Y
K-AZ272-A1,0,N
K-AZ273-A1,0,N
KAZ3018-040,1,N
KAZ3018-042,0,N
K-AZ3018-1A,1,N
K-AZ3018-1AC,1,Y
K-AZ3018-1AS,0,Y
K-AZ3218-2B,0,N
K-AZ3218-2B_STRAINER,3,N
KAZ3219-042,0,N
K-AZ3219-1A,135,N
K-AZ3219-1AC,0,Y
K-AZ3219-1AS,0,N
K-AZ3219-2A,0,N
KAZ3220-041,0,Y
K-AZ3220-3B,0,N
KAZ3320-041,0,N
K-AZ3320-1A,2,N
K-AZ3320-1AS,0,N
K-AZ3320-4A,12,N
K-AZ3320-4AC,0,N
K-AZ3320-4AS,0,N
K-AZ3320-4B,0,Y
K-AZ3620-1A,90,N
K-AZ3620-1AS,0,Y
K-AZ3620-3A,129,N
K-AZ3620-3AS,0,N
K-AZ3620-3B,0,N
KF-AZ003,61,N
KF-AZ003BN,24,N
KF-AZ031,0,Y
KF-AZ031BN,0,N
KF-AZ031MK,0,Y
KF-AZ031ORB,0,Y
KF-AZ032,0,Y
KF-AZ032BN,0,N
KF-AZ032ORB,1,Y
KF-AZ034,44,N
KF-AZ034BN,76,N
KF-AZ035,0,N
KF-AZ035BN,0,Y
KF-AZ035ORB,0,Y
KF-AZ040,138,N
KF-AZ041,0,N
KF-AZ042,0,N
KF-AZ095,4,N
KF-AZ102,1,Y
KF-AZ1068BN,4,N
KF-AZ1068CH,9,N
KF-AZ108,0,Y
KF-AZ1131BN,0,Y
KF-AZ1131CH,1,Y
KF-AZ127_PART_10,3,N
KF-AZ151,0,Y
KF-AZ1673BN,0,Y
KF-AZ1673CH,20,N
KF-AZ1675BN,2,Y
KF-AZ186BN,0,Y
KF-AZ188BN,3,Y
KF-AZ188CH,27,N
KF-AZ194BN,56,N
KF-AZ194CH,0,N
KF-AZ198BN,13,N
KF-AZ198CH,7,N
KF-AZ198ORB,20,N
KF-AZ203BN,0,Y
KF-AZ203ORB,0,Y
KF-AZ204BN,0,Y
KF-AZ204ORB,0,Y
KF-AZ205BN,0,N
KF-AZ205ORB,1,Y
KF-AZ206BN,0,Y
KF-AZ206ORB,1,Y
KF-AZ209BN,0,Y
KF-AZ209ORB,0,Y
KF-AZ211BN,1,N
KF-AZ211ORB,7,N
KF-AZ212BN,1,Y
KF-AZ213BN,0,Y
KF-AZ213ORB,1,Y
KF-AZ214BN,0,Y
KF-AZ214ORB,7,Y
KF-AZ215BN,2,Y
KF-AZ215ORB,0,Y
KF-AZ216BN,0,Y
KF-AZ216ORB,0,N
KF-AZ217_PART11_LOCKNUT,0,N
KF-AZ217BN,0,Y
KF-AZ217ORB,0,Y
KF-AZ220ORB,2,N
KF-AZ222ORB,0,Y
KF-AZ224BN,1,Y
KF-AZ258BG,30,N
KF-AZ258BKM,27,N
KF-AZ258BN,6,N
KF-AZ258CH,40,N
KF-AZ258GB,0,N
KF-AZ258ORB,32,N
KF-AZ258RG,45,N
KF-AZ301BG,166,N
KF-AZ301MB,481,N
KF-AZ301SS,724,N
KF-AZ303BG,33,N
KF-AZ303BN,0,N
KF-AZ303MB,147,N
L-AZ006,0,Y
L-AZ006BN,4,N
L-AZ007,2,N
L-AZ007BN,1,Y
L-AZ007ORB,3,N
L-AZ009,0,N
L-AZ009BN,2,N
L-AZ011,0,N
L-AZ011ORB,3,N
L-AZ012,0,Y
L-AZ012BN,0,N
L-AZ012ORB,0,Y
L-AZ013,0,Y
L-AZ013BN,0,N
L-AZ013ORB,2,N
L-AZ014,0,N
L-AZ014BN,23,N
L-AZ014ORB,0,N
L-AZ015,0,Y
L-AZ015BN,37,N
L-AZ015ORB,7,N
L-AZ017,0,Y
L-AZ018,119,N
L-AZ019,7,N
L-AZ019BN,8,N
L-AZ019ORB,0,N
L-AZ021,0,Y
L-AZ022,0,Y
L-AZ023,43,N
L-AZ024BN,0,N
L-AZ026,25,N
L-AZ026BN,0,N
L-AZ030,3,N
L-AZ030BN,0,N
L-AZ030ORB,14,N
L-AZ033,181,N
L-AZ035,64,N
L-AZ037,234,N
L-AZ037BG,0,N
L-AZ037BN,4,N
L-AZ074,4,Y
L-AZ037MB,36,N
L-AZ037ORB,1,N
L-AZ039,99,N
L-AZ040,0,Y
L-AZ073,3,N
L-AZ073BN,1,N
L-AZ081,0,N
L-AZ081BN,0,Y
L-AZ082,11,N
L-AZ095,0,Y
L-AZ095BN,60,N
L-AZ095MK,268,N
L-AZ095RG,0,Y
L-AZ096,0,Y
L-AZ096BG,0,Y
L-AZ096GM,225,N
L-AZ096MB,0,Y
L-AZ096ORB,0,Y
L-AZ097,0,N
L-AZ097BG,0,Y
L-AZ097BN,0,N
L-AZ097GK,56,N
L-AZ097MK,8,N
L-AZ102,0,Y
L-AZ103,3,N
L-AZ103BN,233,N
L-AZ104CH,4,N
L-AZ104ORB,1,N
L-AZ107BG,2,N
L-AZ107BN,4,N
L-AZ107MB,2,N
L-AZ107ORB,4,N
L-AZ108BG,0,N
L-AZ108BN,0,N
L-AZ108CH,3,N
L-AZ108ORB,2,N
L-AZ109BN,0,Y
L-AZ110BN,2,N
L-AZ110ORB,46,N
L-AZ111BN,1,N
L-AZ111ORB,0,Y
L-AZ112BN,22,N
L-AZ112ORB,5,N
L-AZ117BN,26,N
L-AZ117ORB,0,Y
L-AZ118BN,11,N
L-AZ119BN,0,N
L-AZ121BN,3,N
L-AZ122BN,3,N
L-AZ122ORB,2,N
L-AZ135CH,7,N
L-AZ135ORB,0,Y
L-AZ136BN,0,Y
L-AZ136ORB,0,Y
L-AZ137BN,0,Y
L-AZ137ORB,2,N
L-AZ181BN,25,N
L-AZ181ORB,4,N
L-AZ183BN,1,N
L-AZ183CH,1,N
L-AZ183ORB,2,N
L-AZ184BN,1,N
L-AZ184ORB,0,Y
L-AZ185BN,0,Y
L-AZ185ORB,1,N
L-AZ186BN,0,Y
L-AZ186ORB,0,Y
L-AZ187BN,0,Y
L-AZ187ORB,0,Y
L-AZ188BN,0,N
L-AZ188ORB,5,N
L-AZ189ORB,2,N
L-AZ190BN,0,N
L-AZ190ORB,4,N
L-AZ191BN,1,N
L-AZ191ORB,0,Y
L-AZ900MB,0,Y
L-AZ901MB-BN,87,N
LS-AZ8087,0,N
LS-AZ031,0,Y
LS-AZ033,0,Y
LS-AZ8092,0,Y
LS-AZ035,1,N
Oval 6,1,Y
LS-AZ040,0,Y
LS-AZ8096,0,N
LS-AZ041,0,Y
LS-AZ8097,0,Y
LS-AZ043,0,N
LS-AZ8098,0,N
LS-AZ045,0,N
LS-AZ8099,0,N
LS-AZ046,0,Y
Y270,0,Y
LS-AZ047,0,N
S120,0,Y
LSAZ047-095B,0,Y
LS-AZ048,0,N
N48,0,N
LSAZ048-097B,0,N
LS-AZ049,0,N
LS-AZ8102,0,Y
LS-AZ050,1,N
LS-AZ051,0,N
LS-AZ054,2,N
LSAZ054-097B,0,N
S195,0,N
LSAZ055-095B,0,N
LS-AZ056,6,N
S128,6,N
LSAZ056-097B,0,N
LS-AZ057,0,Y
LS-AZ8108,0,Y
LS-AZ058,0,Y
LS-AZ8109,0,Y
LS-AZ059,0,Y
LS-AZ8110,0,Y
LS-AZ061,0,Y
LS-AZ8111,0,Y
LS-AZ061_MOUNTING RING,0,N
LS-AZ061_SPOUT,0,N
LS-AZ061_SUPPLY LINES,0,N
LS-AZ062,17,N
LS-AZ063,0,N
LS-AZ8112,0,N
LS-AZ063_SINK ONLY,6,N
LS-AZ063_SPOUT,0,N
LS-AZ065,0,N
S214,0,N
LSAZ065-022,0,Y
LSAZ065-041,0,Y
LS-AZ066,6,N
LS-AZ8114,6,N
LS-AZ074,0,N
LS-AZ8119,0,N
LS-AZ075,0,Y
LS-AZ076,0,Y
LS-AZ8121,0,Y
LS-AZ078,0,N
LS-AZ079,0,Y
LS-AZ080,0,Y
LS-AZ8124,0,Y
LS-AZ081,0,N
LS-AZ8125,0,N
LS-AZ082,0,N
LS-AZ083,0,Y
LS-AZ8126,0,Y
LS-AZ084,0,N
LS-AZ085,0,Y
LS-AZ8127,0,Y
LS-AZ086,0,N
LS-AZ8128,0,Y
LS-AZ087,0,N
BB420-12,0,N
LS-AZ097,0,N
LS-AZ099,19,N
LS-AZ102,13,N
LS-AZ103,0,N
LS-AZ105,18,N
LS-AZ107,11,N
LS-AZ109,0,N
LS-AZ110,0,N
LS-AZ112,388,N
LS-AZ113,13,N
LS-AZ116,0,N
LS-AZ117,20,N
LS-AZ118,0,Y
LS-AZ119,11,N
LS-AZ122,29,N
LS-AZ124,15,N
LS-AZ128,0,Y
LS-AZ129,0,N
LS-AZ130,100,N
LS-AZ133,0,Y
LS-AZ8160,0,Y
LS-AZ136,0,Y
LS-AZ8162,0,Y
LS-AZ138,0,N
LS-AZ8163,0,Y
LS-AZ140,0,Y
LS-AZ8165,0,Y
LS-AZ144,0,Y
LS-AZ8168,0,Y
LS-AZ147,0,Y
LS-AZ8170,0,Y
LS-AZ148,0,N
LS-AZ8171,0,Y
LS-AZ151,0,N
LS-AZ8173,0,Y
LS-AZ8179,0,Y
S263,0,Y
LS-AZ162,1,N
LS-AZ8180,1,Y
LS-AZ163,0,N
LS-AZ8182,1,Y
LS-AZ165,0,Y
LS-AZ8183,0,Y
LS-AZ166,0,Y
LS-AZ8184,0,Y
LS-AZ167,0,Y
LS-AZ8185,0,Y
LS-AZ168,0,Y
LS-AZ8186,0,Y
LS-AZ169,0,N
LS-AZ8187,0,N
LS-AZ170,0,Y
LS-AZ171,1,N
LS-AZ8188,1,Y
LS-AZ172,0,N
LS-AZ8374,0,N
LS-AZ173,0,N
LS-AZ8190,0,N
LS-AZ174,0,Y
LS-AZ8195,0,Y
LS-AZ175,0,Y
LS-AZ177,0,Y
LS-AZ8197,0,Y
LS-AZ179,0,Y
LS-AZ8199,0,Y
LS-AZ8200,0,Y
LS-AZ181,0,Y
LS-AZ8201,0,Y
LS-AZ182,0,N
LS-AZ8202,0,Y
LS-AZ184,0,N
LS-AZ8203,0,Y
LS-AZ185,0,N
LS-AZ8204,0,N
LS-AZ186,1,N
LS-AZ8205,1,Y
LS-AZ187,0,Y
LS-AZ8206,0,Y
LS-AZ188,1,N
LS-AZ189,0,N
LS-AZ190,0,Y
LS-AZ8207,0,Y
LS-AZ191,0,Y
LS-AZ192,0,Y
LS-AZ8208,0,Y
LS-AZ193,0,Y
R20,0,Y
LS-AZ194,0,Y
R23,0,Y
LS-AZ195,0,N
S88,0,N
LS-AZ196,0,N
S122,0,N
LS-AZ197,2,N
LS-AZ8209,2,Y
LS-AZ8210,0,N
LS-AZ200,0,Y
S172,0,Y
LS-AZ206,0,Y
S177,0,Y
LS-AZ207,4,N
S188,4,Y
LS-AZ208,0,N
S247-BLUE,0,Y
LS-AZ209,0,N
LS-AZ8211,0,N
LS-AZ210,1,N
LS-AZ212,0,Y
LS-AZ8213,0,N
LS-AZ213,0,N
LS-AZ8214,0,Y
LS-AZ214,0,Y
LS-AZ8215,0,Y
LS-AZ215,0,Y
S270,0,Y
LS-AZ216,0,N
LS-AZ217,0,N
LS-AZ8216,0,N
LS-AZ217_SINK,2,N
LS-AZ217_SPOUT,0,N
LS-AZ217_SPOUTCOVER,0,N
LS-AZ217_SUPPLY LINES,0,N
LS-AZ218,1,N
LS-AZ224,0,Y
LS-AZ8218,0,Y
LS-AZ225,0,Y
LS-AZ8219,0,Y
LS-AZ227,0,Y
LS-AZ8220,0,Y
LS-AZ228,0,N
LS-AZ231,0,Y
LS-AZ232,0,N
LS-AZ233,1,N
LS-AZ234,0,Y
LS-AZ236,0,Y
LS-AZ237,0,Y
LS-AZ240,5,N
LS-AZ243,0,Y
LS-AZ245,0,N
LS-AZ250,0,Y
LS-AZ252,1,N
LS-AZ253,0,N
LS-AZ254,0,N
LS-AZ255,6,N
LS-AZ256,0,Y
LS-AZ258,1,N
LS-AZ262,0,Y
LS-AZ263,0,N
LS-AZ265,0,N
LS-AZ267,0,N
LS-AZ268,12,N
LS-AZ273,0,Y
LS-AZ274,0,Y
LS-AZ276,0,N
LS-AZ277,0,Y
LS-AZ278,0,N
LS-AZ280,0,N
LS-AZ281,0,N
LS-AZ8221,0,Y
LS-AZ282,0,Y
LS-AZ8222,0,Y
LS-AZ283,0,N
S197,0,N
LS-AZ284,2,N
LS-AZ285,1,N
S262-DARK,1,Y
LS-AZ286,0,Y
LS-AZ8223,0,Y
LS-AZ287,0,Y
LS-AZ8224,0,Y
LS-AZ289,0,Y
LS-AZ292,0,N
LS-AZ8225,0,N
LS-AZ293,0,N
LS-AZ8226,0,N
LS-AZ295,0,Y
LS-AZ296,0,Y
LS-AZ8229,0,Y
LS-AZ297,0,N
LS-AZ8230,0,Y
LS-AZ298,1,N
LS-AZ300,0,Y
LS-AZ301,0,Y
LS-AZ302,0,N
LS-AZ313,0,Y
LS-AZ8232,0,N
LS-AZ314,0,Y
LS-AZ8233,0,Y
LS-AZ315,1,N
LS-AZ8234,1,N
LS-AZ316,0,Y
LS-AZ8235,0,Y
LS-AZ317,0,Y
LS-AZ8236,0,Y
LS-AZ319,0,Y
LS-AZ8238,0,Y
LS-AZ335,0,N
BS-006,0,Y
LS-AZ336,2,N
BS-007,2,Y
LS-AZ337,0,Y
BS-008,0,Y
LS-AZ338,3,N
BS-009,3,Y
LS-AZ339,1,N
BS-010,1,Y
LS-AZ340,1,N
BS-011,1,Y
LS-AZ341,0,Y
BS-012,0,Y
LS-AZ343,0,Y
BS-014,0,Y
LS-AZ345,10,N
LS-AZ519,0,N
LS-AZ520A,4,N
LS-AZ520B,1,N
LS-AZ522,2,N
LS-AZ523,4,N
LS-AZ524A,0,N
LS-AZ524B,3,N
LS-AZ527B,0,Y
LS-AZ531A,0,Y
LS-AZ602,0,N
LS-AZ8239,0,Y
LS-AZ606A,0,N
LS-AZ8240,0,Y
LS-AZ607,0,Y
LS-AZ8241,0,Y
LS-AZ608,0,Y
LS-AZ8242,0,Y
LS-AZ8181,0,Y
LS-AZ8210,0,N
LS-AZ8217,0,Y
LS-AZ902,5,N
LS-AZ905MB,29,N
LS-AZ906MB,32,N
LS-AZ907MB,26,N
LS-AZ910,49,N
LS-AZ911MB,60,N
LS-AZ912,116,N
LS-AZ913MB,40,N
LS-AZ915,0,N
LS-AZ916,21,N
LS-AZ917,17,N
M3060SHAL,100,N
M3060SHAR,25,N
M3060SHL,100,N
M3060SHR,25,N
M3060SHWL,100,N
M3060SHWR,25,N
M3060VNAL,50,N
M3060VNAR,50,N
M3060VNDL,50,N
M3060VNDLX,20,N
M3060VNDR,20,N
M3060VNDRX,20,N
M3060VNS,50,N
M3060VNWL,50,N
M3060VNWR,50,N
M3260EAL,50,N
M3260EAR,50,N
M3260EDL,50,N
M3260EDLX,20,N
M3260EDR,20,N
M3260EDRX,20,N
M3260ES,50,N
M3260EWL,50,N
M3260EWR,20,N
M3260SHAL,100,N
M3260SHAR,50,N
M3260SHL,100,N
M3260SHR,50,N
M3260SHWL,100,N
M3260SHWR,50,N
M3260VNAL,50,N
M3260VNAR,50,N
M3260VNDL,50,N
M3260VNDLX,20,N
M3260VNDR,20,N
M3260VNDRX,20,N
M3260VNS,50,N
M3260VNWL,50,N
M3260VNWR,20,N
M3260ZAL,50,N
M3260ZAR,50,N
M3260ZDL,50,N
M3260ZDLX,20,N
M3260ZDR,50,N
M3260ZDRX,20,N
M3260ZS,50,N
M3260ZWL,50,N
M3260ZWR,50,N
M3266VNAL,50,N
M3266VNAR,50,N
M3266VNDL,50,N
M3266VNDLX,20,N
M3266VNDR,50,N
M3266VNDRX,20,N
M3266VNS,50,N
M3266VNWL,50,N
M3266VNWR,50,N
M3267AA,0,Y
M3267AS,0,Y
M3272VNAL,50,N
M3272VNAR,50,N
M3272VNDL,50,N
M3272VNDLX,20,N
M3272VNDR,20,N
M3272VNDRX,20,N
M3272VNS,50,N
M3272VNWL,50,N
M3272VNWR,20,N
M3467RA,100,N
M3467RD,100,N
M3467RDX,100,N
M3467RS,100,N
M3467RW,100,N
M3468SA,100,N
M3468SD,100,N
M3468SDX,100,N
M3468SS,100,N
M3468SW,100,N
M3471AA,50,N
M3471AD,50,N
M3471ADX,50,N
M3471AS,50,N
M3471AW,50,N
M3471RS,0,Y
M3660EAL,50,N
M3660EAR,50,N
M3660EDL,50,N
M3660EDLX,20,N
M3660EDR,20,N
M3660EDRX,20,N
M3660ES,50,N
M3660EWL,50,N
M3660EWR,20,N
M3660MAL,0,N
M3660MAR,0,N
M3660MDL,0,N
M3660MDLX,0,N
M3660MDR,0,N
M3660MDRX,0,N
M3660MS,0,N
M3660MWL,0,N
M3660MWR,0,N
M3660PAL,50,N
M3660PAR,50,N
M3660PDL,20,N
M3660PDLX,20,N
M3660PDR,50,N
M3660PDRX,20,N
M3660PS,50,N
M3660PWL,20,N
M3660PWR,50,N
M3660VNAL,50,N
M3660VNAR,50,N
M3660VNDL,50,N
M3660VNDLX,20,N
M3660VNDR,20,N
M3660VNDRX,20,N
M3660VNS,50,N
M3660VNWL,50,N
M3660VNWR,20,N
M3666AS,100,N
M3666PAL,0,N
M3666PAR,0,N
M3666PDL,0,N
M3666PDLX,0,N
M3666PDR,0,N
M3666PDRX,0,N
M3666PS,0,N
M3666PWL,0,N
M3666PWR,0,N
M3666VNAL,50,N
M3666VNAR,50,N
M3666VNDL,20,N
M3666VNDLX,20,N
M3666VNDR,50,N
M3666VNDRX,20,N
M3666VNS,50,N
M3666VNWL,50,N
M3666VNWR,50,N
M3672EAL,100,N
M3672EAR,100,N
M3672EDL,100,N
M3672EDLX,100,N
M3672EDR,100,N
M3672EDRX,100,N
M3672ES,100,N
M3672EWL,100,N
M3672EWR,100,N
M3672PAL,50,N
M3672PAR,50,N
M3672PDL,50,N
M3672PDLX,20,N
M3672PDR,20,N
M3672PDRX,20,N
M3672PS,50,N
M3672PWL,50,N
M3672PWR,20,N
M3672VNAL,50,N
M3672VNAR,50,N
M3672VNDL,20,N
M3672VNDLX,20,N
M3672VNDR,50,N
M3672VNDRX,20,N
M3672VNS,50,N
M3672VNWL,50,N
M3672VNWR,50,N
M3672WAL,100,N
M3672WAR,100,N
M3672WDL,100,N
M3672WDLX,100,N
M3672WDR,100,N
M3672WDRX,100,N
M3672WS,100,N
M3672WWL,100,N
M3672WWR,100,N
M3871BBA,100,N
M3871BS,100,N
M3871BW,100,N
M4060NAL,50,N
M4060NAR,50,N
M4060NDL,50,N
M4060NDLX,20,N
M4060NDR,20,N
M4060NDRX,20,N
M4060NS,50,N
M4060NWL,50,N
M4060NWR,20,N
M4170IAL,100,N
M4170IAR,100,N
M4170IDL,100,N
M4170IDLX,100,N
M4170IDR,100,N
M4170IDRX,100,N
M4170IF,100,N
M4170IFAL,100,N
M4170IFAR,100,N
M4170IFDL,100,N
M4170IFDLX,100,N
M4170IFDR,100,N
M4170IFDRX,100,N
M4170IFWL,100,N
M4170IFWR,100,N
M4170IS,100,N
M4170IWL,100,N
M4170IWR,100,N
M4260VAL,50,N
M4260VAR,50,N
M4260VDL,50,N
M4260VDLX,20,N
M4260VDR,20,N
M4260VDRX,20,N
M4260VNAL,0,N
M4260VNAR,0,N
M4260VNDL,0,N
M4260VNDLX,0,N
M4260VNDR,0,N
M4260VNDRX,0,N
M4260VNS,0,N
M4260VNWL,0,N
M4260VNWR,0,N
M4260VS,50,N
M4260VWL,50,N
M4260VWR,50,N
M4266PAL,100,N
M4266PAR,100,N
M4266PDL,100,N
M4266PDLX,100,N
M4266PDR,100,N
M4266PDRX,100,N
M4266PS,100,N
M4266PWL,100,N
M4266PWR,100,N
M4270PAL,50,N
M4270PAR,50,N
M4270PDL,50,N
M4270PDLX,50,N
M4270PDR,20,N
M4270PDRX,50,N
M4270PS,50,N
M4270PWL,50,N
M4270PWR,20,N
M4272EAL,100,N
M4272EAR,100,N
M4272EDL,100,N
M4272EDLX,100,N
M4272EDR,100,N
M4272EDRX,100,N
M4272ES,100,N
M4272EWL,100,N
M4272EWR,100,N
M4272PAL,50,N
M4272PAR,50,N
M4272PDL,50,N
M4272PDLX,20,N
M4272PDR,20,N
M4272PDRX,20,N
M4272PS,50,N
M4272PWL,50,N
M4272PWR,50,N
M4272VAL,100,N
M4272VAR,100,N
M4272VCAL,100,N
M4272VCAR,100,N
M4272VCDL,100,N
M4272VCDLX,100,N
M4272VCDR,100,N
M4272VCDRX,100,N
M4272VCS,100,N
M4272VCWL,100,N
M4272VCWR,100,N
M4272VDL,100,N
M4272VDLX,100,N
M4272VDR,100,N
M4272VDRX,100,N
M4272VNAL,100,N
M4272VNAR,100,N
M4272VNCAL,100,N
M4272VNCAR,100,N
M4272VNCDL,100,N
M4272VNCDLX,100,N
M4272VNCDR,100,N
M4272VNCDRX,100,N
M4272VNCS,100,N
M4272VNCWL,100,N
M4272VNCWR,100,N
M4272VNDL,100,N
M4272VNDLX,100,N
M4272VNDR,100,N
M4272VNDRX,100,N
M4272VNS,100,N
M4272VNWL,100,N
M4272VNWR,100,N
M4272VS,100,N
M4272VWL,100,N
M4272VWR,100,N
M4272WAL,50,N
M4272WAR,50,N
M4272WDL,50,N
M4272WDLX,50,N
M4272WDR,50,N
M4272WDRX,50,N
M4272WS,50,N
M4272WWL,50,N
M4272WWR,50,N
M4384VAL,100,N
M4384VAR,100,N
M4384VDL,100,N
M4384VDLX,100,N
M4384VDR,100,N
M4384VDRX,100,N
M4384VS,100,N
M4384VWL,100,N
M4384VWR,100,N
M4478PCDL,100,N
M4478PCDLX,100,N
M4478PCDR,100,N
M4478PCDRX,100,N
M4478PCS,100,N
M4678IAL,0,N
M4678IAR,0,N
M4678IDL,0,N
M4678IDLX,0,N
M4678IDR,0,N
M4678IDRX,0,N
M4678IS,0,N
M4678IWL,0,N
M4678IWR,0,N
M4860NAL,100,N
M4860NAR,100,N
M4860NDL,100,N
M4860NDLX,100,N
M4860NDR,100,N
M4860NDRX,100,N
M4860NS,100,N
M4860NWL,100,N
M4860NWR,100,N
M4872CAL,100,N
M4872CAR,100,N
M4872CDL,100,N
M4872CDLX,100,N
M4872CDR,100,N
M4872CDRX,100,N
M4872CS,100,N
M4872CWL,100,N
M4872CWR,100,N
M4878CAL,100,N
M4878CAR,100,N
M4878CDL,100,N
M4878CDLX,100,N
M4878CDR,100,N
M4878CDRX,100,N
M4878CS,100,N
M4878CWL,100,N
M4878CWR,100,N
M5472CAL,100,N
M5472CAR,100,N
M5472CDL,100,N
M5472CDLX,100,N
M5472CDR,100,N
M5472CDRX,100,N
M5472CS,100,N
M5472CWL,100,N
M5472CWR,100,N
M6060AAL,100,N
M6060AAR,100,N
M6060ADL,100,N
M6060ADLX,100,N
M6060ADR,100,N
M6060ADRX,100,N
M6060AS,100,N
M6060AWL,100,N
M6060AWR,100,N
M6060CAL,100,N
M6060CAR,100,N
M6060CDL,100,N
M6060CDLX,100,N
M6060CDR,100,N
M6060CDRX,100,N
M6060CS,100,N
M6060CWL,100,N
M6060CWR,100,N
M6060EAL,50,N
M6060EAR,50,N
M6060EDL,50,N
M6060EDLX,20,N
M6060EDR,20,N
M6060EDRX,20,N
M6060ES,50,N
M6060EWL,50,N
M6060EWR,20,N
M6060SAL,50,N
M6060SAR,50,N
M6060SDL,20,N
M6060SDL-E,20,N
M6060SDLX,50,N
M6060SDR,50,N
M6060SDRX,50,N
M6060SS,50,N
M6060SWL,50,N
M6060SWR,50,N
M6060VAL,50,N
M6060VAR,50,N
M6060VDL,50,N
M6060VDLX,50,N
M6060VDR,50,N
M6060VDRX,50,N
M6060VS,50,N
M6060VWL,50,N
M6060VWR,50,N
MHBB3060LWD,0,N
MS2646WIDLLBFC-IV,50,N
MS2646WIDLRBFC-IV,50,N
MS2753WILWD,0,N
MS2753WIRWD,0,N
MS2851LBD,0,N
MS2851LWD,0,N
MS2851WIDLRWFC-IV,0,N
MS2851WIRWD,0,N
MS2853WIDLLBFC-IV,0,N
MS2853WIDLLWFC-IV,0,N
MS2853WIDLRBFC-IV,0,N
MS2853WIDLRWFC-IV,0,N
MS2853WILBD,0,N
MS2853WILWD,0,N
MS2853WIRBD,0,N
MS2853WIRWD,0,N
MS2953WCDLLWFC-IV,0,N
MS2953WCDLRWFC-IV,0,N
MS3053WIDLLBFC-IV,0,N
MS3053WIDLLWFC-IV,0,N
MS3053WIDLRWFC-IV,0,N
MS3054WIDLRBFC-IV,0,N
MS3054WIDLRWFC-IV,0,N
MS3060WCDLLBFC-IV,0,N
MS3060WCDLLWFC-IV,0,N
MS3060WCDLRBFC-IV,0,N
MS3060WCDLRWFC-IV,50,N
MS3153WIDLLWFC-IV,0,N
MS3153WILBD,0,N
MS3153WILWD,0,N
MS3153WIRBD,0,N
MS3153WIRWD,0,N
MS3260WIDLLWFC-IV,50,N
MSDISP-2853WIDLLWFC-IV,0,N
MSDISP-2853WIDLRWFC-IV,0,N
MSDISP-2953WCDLLWFC-IV,0,N
MSDISP-2953WCDLRWFC-IV,0,N
MT2646LBA,50,N
MT2646LBD,50,N
MT2646LBH,50,N
MT2646LBS,50,N
MT2646LWA,50,N
MT2646LWD,50,N
MT2646LWH,50,N
MT2646LWS,50,N
MT2646RBA,50,N
MT2646RBD,50,N
MT2646RBH,50,N
MT2646RBS,50,N
MT2646RWA,50,N
MT2646RWD,50,N
MT2646RWH,50,N
MT2646RWS,50,N
MT2653LBA,0,N
MT2653LBD,0,N
MT2653LBH,0,N
MT2653LBS,0,N
MT2653LWA,0,N
MT2653LWD,0,N
MT2653LWH,0,N
MT2653LWS,0,N
MT2653RBA,0,N
MT2653RBD,0,N
MT2653RBH,0,N
MT2653RBS,0,N
MT2653RWA,0,N
MT2653RWD,0,N
MT2653RWH,0,N
MT2653RWS,0,N
MT2739LWA,50,N
MT2739LWD,50,N
MT2739LWH,50,N
MT2739LWS,50,N
MT2739RWA,0,N
MT2739RWD,0,N
MT2739RWH,0,N
MT2739RWS,0,N
MT2747LWA,0,N
MT2747LWD,0,N
MT2747LWH,0,N
MT2747LWS,0,N
MT2747RWA,0,N
MT2747RWD,0,N
MT2747RWH,0,N
MT2747RWS,0,N
MT2853LBA,0,N
MT2853LBD,0,N
MT2853LBD-E,0,N
MT2853LBH,0,N
MT2853LBS,0,N
MT2853LWA,0,N
MT2853LWD,0,N
MT2853LWD-E,0,N
MT2853LWH,1,N
MT2853LWH-E,0,N
MT2853LWS,0,N
MT2853RBA,0,Y
MT2853RBD,0,Y
MT2853RBD-E,0,Y
MT2853RBH,0,Y
MT2853RBH-E,0,Y
MT2853RBS,0,Y
MT2853RWA,0,N
MT2853RWD,0,N
MT2853RWD-E,0,N
MT2853RWH,0,N
MT2853RWH-E,0,N
MT2853RWS,0,N
MT2952LBA,0,Y
MT2952LBD,0,Y
MT2952LBH,0,Y
MT2952LBS,0,Y
MT2952LWA,0,N
MT2952LWD,0,N
MT2952LWH,0,N
MT2952LWS,0,N
MT2952RBA,0,N
MT2952RBD,0,N
MT2952RBH,0,N
MT2952RBS,0,N
MT2952RWA,0,N
MT2952RWD,0,N
MT2952RWH,0,N
MT2952RWS,0,N
MT2953WCALWA,0,N
MT2953WCALWD,0,N
MT2953WCALWH,0,N
MT2953WCALWS,0,N
MT2953WCARWA,0,N
MT2953WCARWD,0,N
MT2953WCARWH,0,N
MT2953WCARWS,0,N
MT3053LBA,0,N
MT3053LBD,0,N
MT3053LBH,0,N
MT3053LBS,0,N
MT3053LWA,0,N
MT3053LWD,0,N
MT3053LWH,0,N
MT3053LWS,0,N
MT3053RBA,0,N
MT3053RBD,0,N
MT3053RBH,0,N
MT3053RBS,0,N
MT3053RWA,0,N
MT3053RWD,0,N
MT3053RWH,0,N
MT3053RWS,0,N
MT3054LBA,0,N
MT3054LBD,0,N
MT3054LBH,0,N
MT3054LBS,0,N
MT3054LWA,0,N
MT3054LWD,0,N
MT3054LWH,0,N
MT3054LWS,0,N
MT3054RBA,0,N
MT3054RBD,0,N
MT3054RBH,0,N
MT3054RBS,0,N
MT3054RWA,0,N
MT3054RWD,0,N
MT3054RWH,0,N
MT3054RWS,0,N
MT3060BLLWS,0,N
MT3060BLRWS,0,N
MT3060SILWA,0,N
MT3060SILWH,0,N
MT3060SILWS,1,N
MT3060SIRWA,0,N
MT3060SIRWH,0,N
MT3060SIRWS,0,N
MT3060STL,0,N
MT3060STR,0,N
MT3060WCALBA,0,N
MT3060WCALBD,0,N
MT3060WCALBH,0,N
MT3060WCALBS,0,N
MT3060WCALWA,10,N
MT3060WCALWD,10,N
MT3060WCALWH,10,N
MT3060WCALWS,10,N
MT3060WCARBA,0,N
MT3060WCARBD,0,N
MT3060WCARBH,0,N
MT3060WCARBS,0,N
MT3060WCARWA,50,N
MT3060WCARWD,50,N
MT3060WCARWH,50,N
MT3060WCARWS,50,N
MT3060WILBA,0,N
MT3060WILBD,0,N
MT3060WILBH,0,N
MT3060WILBS,0,N
MT3060WILWA,0,N
MT3060WILWD,0,N
MT3060WILWH,0,N
MT3060WILWS,0,N
MT3060WIRBA,0,N
MT3060WIRBD,0,N
MT3060WIRBH,0,N
MT3060WIRBS,0,N
MT3060WIRWA,0,N
MT3060WIRWD,0,N
MT3060WIRWH,0,N
MT3060WIRWS,0,N
MT3140LWA,0,N
MT3140LWD,0,N
MT3140LWH,0,N
MT3140LWS,0,N
MT3140RWA,0,N
MT3140RWD,0,N
MT3140RWH,0,N
MT3140RWS,0,N
MT3238LWA,0,N
MT3238LWD,0,N
MT3238LWH,0,N
MT3238LWS,0,N
MT3238RWA,0,N
MT3238RWD,0,N
MT3238RWH,0,N
MT3238RWS,0,N
MT3260LBA,0,N
MT3260LBD,0,N
MT3260LBH,0,N
MT3260LBS,0,N
MT3260LWA,50,N
MT3260LWD,50,N
MT3260LWH,50,N
MT3260LWS,50,N
MT3260RBA,0,N
MT3260RBD,0,N
MT3260RBH,0,N
MT3260RBS,0,N
MT3260RWA,0,N
MT3260RWD,0,N
MT3260RWH,0,N
MT3260RWS,0,N
MT3660LWA,0,N
MT3660LWD,0,N
MT3660LWH,0,N
MT3660LWS,0,N
MT3660RWA,0,N
MT3660RWD,0,N
MT3660RWH,0,N
MT3660RWS,0,N
MTB3060LWD,0,N
MT-PR01-BK,20,N
MT-PR02-BK,20,N
OA1050BN,0,Y
OA1050BN-A,0,Y
OA1050CH,0,Y
OA1050CH-A,0,Y
OA1050GD,0,Y
OA1050GD-A,0,Y
OA1050MK,0,Y
OA1050MK-A,0,Y
OA1050OB,0,Y
OA1050OB-A,0,Y
OA1200BN,0,Y
OA1200BN-A,0,Y
OA1200CH,0,Y
OA1200CH-A,0,Y
OA1200GD,0,Y
OA1200GD-A,0,Y
OA1200MK,0,Y
OA1200MK-A,0,Y
OA1200OB,0,Y
OA1200OB-A,0,Y
OA450BN,0,Y
OA450BN-A,0,Y
OA450CH,0,Y
OA450CH-A,0,Y
OA450GD,0,Y
OA450GD-A,0,Y
OA450MK,0,Y
OA450MK-A,0,Y
OA450OB,0,Y
OA450OB-A,0,Y
OA600BN,0,Y
OA600BN-A,0,Y
OA600CH,0,Y
OA600CH-A,0,Y
OA600GD,0,Y
OA600GD-A,0,Y
OA600MK,0,Y
OA600MK-A,0,Y
OA600OB,0,Y
OA600OB-A,0,Y
OA750BN,0,Y
OA750BN-A,0,Y
OA750CH,0,Y
OA750CH-A,0,Y
OA750GD,0,Y
OA750GD-A,0,Y
OA750MK,0,Y
OA750MK-A,0,Y
OA750OB,0,Y
OA750OB-A,0,Y
OA900BN,0,Y
OA900BN-A,0,Y
OA900CH,0,Y
OA900CH-A,0,Y
OA900GD,0,Y
OA900GD-A,0,Y
OA900MK,0,Y
OA900MK-A,0,Y
OA900OB,0,Y
OA900OB-A,0,Y
OAPKBN,0,Y
OAPKCH,0,Y
OAPKGO,0,Y
OAPKOB,0,Y
OAT1050BN,50,N
OAT1050BN-A,50,N
OAT1050CH,50,N
OAT1050CH-A,50,N
OAT1050GD-A,50,N
OAT1050MK-A,50,N
OAT1050OB,50,N
OAT1050OB-A,50,N
OAT1200BN,50,N
OAT1200BN-A,50,N
OAT1200CH,50,N
OAT1200CH-A,50,N
OAT1200GD-A,50,N
OAT1200MK,50,N
OAT1200MK-A,50,N
OAT1200OB,50,N
OAT1200OB-A,50,N
OAT450BN,50,N
OAT450BN-A,50,N
OAT450CH,50,N
OAT450CH-A,50,N
OAT450MK-A,50,N
OAT450OB,50,N
OAT450OB-A,50,N
OAT600BN,50,N
OAT600BN-A,50,N
OAT600CH,50,N
OAT600CH-A,50,N
OAT600OB,50,N
OAT600OB-A,50,N
OAT750BN,50,N
OAT750BN-A,50,N
OAT750CH,50,N
OAT750CH-A,50,N
OAT750OB,50,N
OAT750OB-A,50,N
OAT900BN,50,N
OAT900BN-A,50,N
OAT900CH,50,N
OAT900CH-A,50,N
OAT900GD,50,N
OAT900GD-A,50,N
OAT900MK-A,50,N
OAT900OB,50,N
OAT900OB-A,50,N
OATPKCH,50,N
OATPKGO,20,N
OATPKOB,50,N
OPTOF-CH-R,20,N
OPTOF-CH-A,25,N
OPTOF-CH-B,25,N
OPTOF-CH-D,983,N
OPTOF-CH-E,0,Y
OPTOF-CH-S,25,N
OPTOF-WH-A,25,N
OPTOF-WH-B,0,Y
OPTOF-WH-R,25,N
OPTOF-WH-S,0,Y
PAN-301,70,N
PH-SK0001,0,N
PH-SK0002,0,N
PH-SK0003,0,N
RH-AZ0176PSS,1,N
RH-AZ0190PSS,0,N
RH-AZ0376TSS,0,N
RH-AZ0391TSS,1,N
RH-AZ0576ESS,0,N
RH-AZ0590ESS,0,N
RH-AZ1076PSS,9,N
RH-AZ2576PSS,0,N
RH-AZ2590PSS,0,N
RVB900BN-A-F,50,N
RY1050BN,0,Y
RY1050BN-A,0,Y
RY1050CH,0,Y
RY1050CH-A,0,Y
RY1050GD,0,Y
RY1050GD-A,0,Y
RY1050MK,0,Y
RY1050MK-A,0,Y
RY1050OB,0,Y
RY1050OB-A,0,Y
RY1200BN,0,Y
RY1200BN-A,0,Y
RY1200CH,0,Y
RY1200CH-A,0,Y
RY1200GD,0,Y
RY1200GD-A,0,Y
RY1200MK,0,Y
RY1200MK-A,0,Y
RY1200OB,0,Y
RY1200OB-A,0,Y
RY450BN,0,Y
RY450BN-A,0,Y
RY450CH,0,Y
RY450CH-A,0,Y
RY450GD,0,Y
RY450GD-A,0,Y
RY450MK,0,Y
RY450MK-A,0,Y
RY450OB,0,Y
RY450OB-A,0,Y
RY600BN,0,Y
RY600BN-A,0,Y
RY600CH,0,Y
RY600CH-A,0,Y
RY600GD,0,Y
RY600GD-A,0,Y
RY600MK,0,Y
RY600MK-A,0,Y
RY600OB,0,Y
RY600OB-A,0,Y
RY750BN,0,Y
RY750BN-A,0,Y
RY750CH,0,Y
RY750CH-A,0,Y
RY750GD,0,Y
RY750GD-A,0,Y
RY750MK,0,Y
RY750MK-A,0,Y
RY750OB,0,Y
RY750OB-A,0,Y
RY900BN,0,Y
RY900BN-A,0,Y
RY900CH,0,Y
RY900CH-A,0,Y
RY900GD,0,Y
RY900GD-A,0,Y
RY900MK,0,Y
RY900MK-A,0,Y
RY900OB,0,Y
RY900OB-A,0,Y
RYPKBN,0,Y
RYPKBN2,0,Y
RYPKCH,0,Y
RYPKCH2,0,Y
RYPKGO,0,Y
RYPKGO2,0,Y
RYPKOB,0,Y
RYPKOB2,0,Y
RYT1050BN,50,N
RYT1050BN-A,50,N
RYT1050CH,50,N
RYT1050CH-A,50,N
RYT1050OB,50,N
RYT1050OB-A,50,N
RYT1200BN,50,N
RYT1200BN-A,50,N
RYT1200CH,50,N
RYT1200CH-A,50,N
RYT1200OB,50,N
RYT1200OB-A,50,N
RYT450BN,50,N
RYT450BN-A,50,N
RYT450CH,50,N
RYT450CH-A,50,N
RYT450OB,50,N
RYT450OB-A,50,N
RYT600BN,50,N
RYT600BN-A,50,N
RYT600CH,50,N
RYT600CH-A,50,N
RYT600OB,50,N
RYT600OB-A,50,N
RYT750BN,50,N
RYT750BN-A,50,N
RYT750CH,50,N
RYT750CH-A,50,N
RYT750OB,50,N
RYT750OB-A,50,N
RYT900BN,50,N
RYT900BN-A,50,N
RYT900CH,50,N
RYT900CH-A,50,N
RYT900OB,50,N
RYT900OB-A,50,N
RYTPKBN,50,N
RYTPKBN2,50,N
RYTPKCH,50,N
RYTPKCH2,50,N
RYTPKOB,50,N
RYTPKOB2,50,N
S2-600,0,N
S2-750,0,N
S2-900,0,N
SB-AZ007WL,52,N
SB-AZ009WH,98,N
SB-AZ012WL_SILICONBUMPER,1,N
SB-AZ012WR,24,N
SB-AZ013WL,75,N
SB-AZ014WC,30,N
SB-AZ015WV,0,Y
SB-AZ03CD,34,N
SB-AZ047WC,0,N
SB-AZ048WC,0,N
SB-AZ049WC,10,N
SB-AZ050WC,0,N
SB-AZ103_DRAIN COVER,1,N
SB-AZ103C_DRAIN COVER,0,N
SB-AZ106C,92,N
SB-AZ201C,7,N
SB-AZ20RO,0,Y
SB-AZ302L,5,N
SB-AZ302R,15,N
SB-AZ303L,47,N
SB-AZ303R,62,N
SB-AZ305L,143,N
SB-AZ305R,137,N
SC-SS0013A-GS,0,N
SC-SS0014-GS,42,N
SD1701BN-3260R,25,Y
SD1701MB-3060R,0,Y
SD-AS055-01CH-HW,0,N
SD-AZ01BBH-R,0,Y
SD-AZ050-01BN,79,N
SD-AZ050-01CH,198,N
SD-AZ051-01BN,18,N
SD-AZ051-01CH,51,N
SD-AZ051-01MB,84,N
SD-AZ051-02BN,88,N
SD-AZ051-02CH,63,N
SD-AZ051-02MB,56,N
SD-AZ052-01BN,289,N
SD-AZ052-01CH,130,N
SD-AZ052-01MB,193,N
SD-AZ052-01MB_HW,0,N
SD-AZ052-02BN,157,N
SD-AZ052-02CH,122,N
SD-AZ052-02MB,350,N
SD-AZ054-01BN,68,N
SD-AZ054-01CH,91,N
SD-AZ055-01BN,26,N
SD-AZ055-01CH,63,N
SD-AZ055-01MB,27,N
SD-AZ07-01BN,36,N
SD-AZ8073-01BN,36,N
SD-AZ07-01BN_HW,0,N
SD-AZ07-01CH,48,N
SD-AZ8073-01CH,48,Y
SDR-AZ8073-01CH,48,N
SD-AZ07-01CH-HW,0,N
SD-AZ07-OLD,0,N
SD-AZ09-01-00GL,65,N
SD-AZ09-01-00GL-F,0,N
SD-AZ09-01BG,162,N
SD-AZ09-01BN,359,N
SD-AZ8075-01BN,359,N
SD-AZ09-01BN-F,0,N
SD-AZ09-01BN-HW,0,N
SD-AZ09-01CH,138,N
SD-AZ8075-01CH,138,N
SD-AZ09-01CH-HW,0,N
SD-AZ09-01GB,53,N
SD-AZ09-01GB_HW,2,N
SD-AZ09-01MB,256,N
SD-AZ8075-01MB,256,N
SD-AZ09-01MB-00HW,0,N
SD-AZ09-02-00GL,26,N
SD-AZ09-02-00GL-F,0,N
SD-AZ09-02BG,198,N
SD-AZ09-02BG-HW,0,N
SD-AZ09-02BN,72,N
SD-AZ09-02BN-F,0,Y
SD-AZ09-02BN-HW,0,N
SD-AZ09-02CH,117,N
SD-AZ09-02CH-HW,0,N
SD-AZ09-02GB,3,N
SD-AZ09-02GB_HW,0,N
SD-AZ09-02MB,261,N
SD-AZ8075-02MB,261,N
SD-AZ09-02MB-00HW,0,N
SD-AZ09-02MB-F,0,Y
SD-AZ09-BG-HW,0,N
SD-AZ09-GG-HW,0,N
SD-AZ10-01BN,176,N
SD-AZ10-01CH,44,N
SD-AZ10-01MB,181,N
SD-AZ8074-01MB,181,N
SD-AZ11-01BN,76,N
SD-AZ11-01CH,101,N
SD-AZ11-01MB,106,N
SD-AZ8076-01MB,106,N
SD-AZ13-01-00GL,64,N
SD-AZ13-01-00GL_DOOR,0,N
SD-AZ13-01-00GL_STATIONARY,1,N
SD-AZ13-01BN,381,N
SD-AZ13-01BN-HW,0,N
SD-AZ13-01CH,288,N
SD-AZ13-01CH-HW,0,N
SD-AZ13-01GB,124,N
SD-AZ13-01GG-HW,0,N
SD-AZ13-01MB,146,N
SD-AZ8077-01MB,146,N
SD-AZ13-01MB-00HW,0,N
SD-AZ13-01MBBG,22,N
MNSD-AZ13-01MBBG,22,N
SD-AZ13-02-00GL,1,N
SD-AZ13-02-00GL-F,0,N
SD-AZ13-02BG,132,N
SD-AZ13-02BG-HW,0,N
SD-AZ13-02BN,585,N
SD-AZ8077-02BN,585,N
SDR-AZ8077-02BN,585,N
SD-AZ13-02BN-HW,0,N
SD-AZ13-02BN-T,76,N
SD-AZ8077-02BNT,76,N
SD-AZ13-02CH,152,N
SD-AZ8077-02CH,152,N
SD-AZ13-02CH-HW,0,N
SD-AZ13-02GB,119,N
SD-AZ13-02GB_HW,0,N
SD-AZ13-02GG-HW,0,N
SD-AZ13-02MB,814,N
SD-AZ13-02MB-00HW,0,N
SD-AZ13-02MBBG,122,N
MNSD-AZ13-02MBBG,122,N
SD-AZ13-02MB-T,40,N
SD-AZ14-01BG,61,N
SD-AZ14-01BG_HW,0,N
SD-AZ14-01BN,180,N
SD-AZ14-01BN_HW,0,N
SD-AZ14-01CH,117,N
SD-AZ14-01MB,370,N
SD-AZ14-01MB_HW,0,N
SD-AZ15-01_PART 6,1,N
SD-AZ15-01BG,156,N
SD-AZ15-01BG_PART 1,1,N
SD-AZ15-01BG_PART 11,1,N
SD-AZ15-01BG_PART 15,0,N
SD-AZ15-01BG_PART 16,0,N
SD-AZ15-01BG_PART 2,0,N
SD-AZ15-01BG_PART 5,0,N
SD-AZ15-01BG_PART 8,0,N
SD-AZ15-01BN,191,N
SD-AZ15-01BN_PART 1,1,N
SD-AZ15-01BN_PART 10,0,N
SD-AZ15-01BN_PART 12,0,N
SD-AZ15-01BN_PART 15,0,N
SD-AZ15-01BN_PART 16,0,N
SD-AZ15-01BN_PART 2,0,N
SD-AZ15-01BN_PART 3,0,N
SD-AZ15-01BN_PART 4A,0,N
SD-AZ15-01BN_PART 4B,0,N
SD-AZ15-01CH,91,N
SD-AZ15-01CH_HW,0,N
SD-AZ15-01CH_PART 1,0,N
SD-AZ15-01CH_PART 2,1,N
SD-AZ15-01MB,1026,N
SD-AZ15-01MB_PART 1,0,N
SD-AZ15-01MB_PART 10,0,N
SD-AZ15-01MB_PART 11,0,N
SD-AZ15-01MB_PART 12,0,N
SD-AZ15-01MB_PART 13,0,N
SD-AZ15-01MB_PART 14,0,N
SD-AZ15-01MB_PART 15,0,N
SD-AZ15-01MB_PART 16,0,N
SD-AZ15-01MB_PART 17,0,N
SD-AZ15-01MB_PART 2,0,N
SD-AZ15-01MB_PART 5,0,N
SD-AZ15-01MB_PART 7,0,N
SD-AZ15-01MB_PART 8,0,N
SD-AZ15-01MB_PART 9,0,N
SD-AZ16-01BN,0,N
SD-AZ16-01CH,2,N
SD-AZ16-01MB,0,N
SD-AZ16-01MBBG,1,N
SD-AZ17-01-00GL,240,N
SD-AZ17-01BG,275,N
SD-AZ8080-01BG,275,N
SD-AZ17-01BG-HW,0,N
SD-AZ17-01BN,107,N
SD-AZ17-01BN-A,107,N
SD-AZ8080-01BN,107,N
SD-AZ17-01BN-HW,2,N
SD-AZ8080-01BN-HW,2,N
SD-AZ17-01CH,76,N
SD-AZ8080-01CH,76,Y
SD-AZ17-01CH-HW,0,N
SD-AZ17-01MB,293,N
SD-AZ8080-01MB,293,N
SD-AZ17-01MB-00HW,1,N
SD-AZ18-01BG,38,N
SD-AZ18-01BG-FL,23,N
SD-AZ18-01MB,57,N
SD-AZ18-01MB-FL,65,N
SD-AZ30CH-L,0,Y
SD-AZ40BN-H,0,N
SD-AZ45CH-OLD,0,N
SD-AZ8075-02MB(OLD),0,Y
SD-AZ8080-01BG-OLD,0,N
SD-AZFL06001BGF,59,N
SD-AZFL06001BGF_HW,0,N
SD-AZFL06001BN,57,N
SD-AZFL06001MB,378,N
SD-AZFL06001MB_HW,0,N
SD-AZFL06001MBT,0,N
SD-AZFL06002BG,110,N
SD-AZFL06002BN,43,N
SD-AZFL06002CH,32,N
SD-AZFL06002MB,186,N
SD-FRLS0502CH,0,N
SD-FRLS05701BN,232,N
SD-FRLS05701CH,56,N
SD-FRLS05701MB,367,N
SD-FRLS05701MB-HW,0,N
SD-FRLS05702BN,507,N
SD-FRLS05702BN_HW,0,N
SD-FRLS05702CH,103,N
SD-FRLS05702CH_HW,0,N
SD-FRLS05702MB,936,N
SD-FRLS05702MB-HW,0,N
SD-FRLS05801BN,60,N
SD-FRLS05801CH,64,N
SD-FRLS05801MB,90,N
SD-FRLS05802BN,107,N
SD-FRLS05802CH,20,N
SD-FRLS05802CH_HW,0,N
SD-FRLS05802MB,166,N
SD-FRLS05901BN,63,N
SD-FRLS05901BN_HW,0,N
SD-FRLS05901CH,0,N
SD-FRLS05901CH_HW,0,N
SD-FRLS05901MB,97,N
SD-FRLS05902BN,429,N
SD-FRLS05902BN_HW,0,N
SD-FRLS05902CH,94,N
SD-FRLS05902MB,671,N
SD-FRLS05902MB_HW,1,N
SD-FRLS06101BG,102,N
SD-FRLS06101BN,85,N
SD-FRLS06101BN_PART 17,2,N
SD-FRLS06101CH,28,N
SD-FRLS06101MB,64,N
SD-FRLS06102BG,67,N
SD-FRLS06102BN,32,N
SD-FRLS06102CH,23,N
SD-FRLS06102MB,59,N
SH-AZ013,13,N
SH-AZ013BN,0,Y
SH-AZ030,257,N
SH-AZ032,91,N
SH-AZ032BN,91,N
SH-AZ032ORB,1,N
SH-AZ033,0,Y
SH-AZ034,0,Y
SH-AZ035,2,Y
SH-AZ037,219,N
SH-AZ037MK,131,N
SH-AZ038,0,Y
SH-AZ039,185,N
SH-AZ040,4,N
SH-AZ041,0,N
SH-AZ041_PART 6,0,N
SH-AZ041_PART 8,0,N
SH-AZ041BN,3,N
SH-AZ041ORB,250,N
SH-AZ041PART_1,0,N
SH-AZ041PART_13,0,N
SH-AZ041PART_14,0,N
SH-AZ042,15,N
SH-AZ067BN,147,N
SH-AZ067CH,21,N
SH-AZ067MB,64,N
SH-AZ067MB-FBM,64,N
SH-AZ101BG,7,N
SH-AZ101BN,85,N
SH-AZ101CH,63,N
SH-AZ101MB,74,N
SH-AZ200BN,0,N
SH-AZ200CH,0,N
SHL2646LB,11,N
SHL2646LW,127,N
SHL2646RB,10,N
SHL2646RW,105,N
SHL2653LB,19,N
SHL2653LW,164,N
SHL2653RB,6,N
SHL2653RW,91,N
SHL2739LW,50,N
SHL2739RW,5,N
SHL2747LW,0,Y
SHL2747RW,2,N
SHL2851LB,0,N
SHL2851RB,7,N
SHL2853LB,0,N
SHL2853LW,39,Y
SHL2853RB,0,N
SHL2853RW,31,Y
SHL2952LB,0,N
SHL2952LW,21,N
SHL2952RB,0,N
SHL2952RW,3,N
SHL2953WCALW,39,N
SHL2953WCARW,23,N
SHL3053LB,19,N
SHL3053LW,78,N
SHL3053RB,0,N
SHL3053RW,86,N
SHL3054RB,0,Y
SHL3060SILW,164,N
SHL3060SIRW,95,N
SHL3060WCALB,5,Y
SHL3060WCALW,0,N
SHL3060WCARB,0,N
SHL3060WCARW,50,N
SHL3060WILB,25,N
SHL3060WILW,39,N
SHL3060WIRB,29,N
SHL3060WIRW,156,N
SHL3140LW,4,N
SHL3140RW,12,N
SHL3153RW,0,N
SHL3238LW,14,N
SHL3238RW,24,N
SHL3260LB,19,N
SHL3260LW,99,N
SHL3260RB,27,N
SHL3260RW,74,N
SHL3467R,0,N
SHL3467R SKIRT,20,N
SHL3471A BASE,0,N
SHL3471R SKIRT,0,Y
SHL3660LW,15,N
SHL3660RW,47,N
SHL3871B SKIRT,0,N
SHL4272V,0,N
SHLAC3054LW,0,N
SHLAC3054RW,0,N
SO-AZ001BN,50,N
SO-AZ001CH,32,N
SO-AZ005BN,39,N
SO-AZ005CH,49,N
SO-AZ007BN,33,N
SO-AZ014BN,0,Y
SO-AZ016BN,11,N
SO-AZ016CH,34,N
SP-AZ012,166,N
SP-AZ012MB,29,N
SP-AZ8078,29,N
SP-AZ013,0,Y
SP-AZ015,64,N
SP-AZ016,102,N
SP-AZ018,3,N
SP-AZ021,18,N
SP-AZ022,0,N
SP-AZ024EX,0,N
SP-AZ025,5,Y
SP-AZ026,0,N
SP-AZ028,5,N
SP-AZ8088,5,N
SP-AZ029,27,N
SP-AZ8089,27,Y
SP-AZ031,22,N
SP-AZ8090,22,N
SP-AZ032,0,Y
SP-R-AZ032,0,N
SP-AZ033,0,Y
SP-AZ8091,0,Y
SP-AZ035,42,N
SP-AZ038,0,Y
SP-AZ040,0,Y
SP-AZ8092,0,Y
SP-AZ041,8,N
SP-AZ8093,8,N
SP-AZ042,26,N
SP-AZ8094,26,N
SP-AZ047,0,Y
SP-AZ8095,0,Y
SP-AZ048,2,N
SP-AZ049,0,Y
SP-AZ050,1,Y
SP-AZ8096,1,Y
SP-AZ051,0,Y
SP-AZ052,0,Y
SP-AZ054,0,Y
SP-AZ8097,0,Y
SP-AZ055,0,Y
SP-AZ058,0,Y
SP-AZ8099,0,Y
SP-AZ059,0,Y
SP-AZ061,19,N
SP-AZ8102,19,Y
SP-AZ062,0,Y
SP-AZ075,203,N
SP-AZ8104,203,N
SP-AZ076,0,Y
SP-AZ8105,0,Y
SP-AZ077,89,N
SP-AZ8106,89,N
SP-AZ078BG,204,N
SP-AZ078BS,58,N
SP-AZ078GM,125,N
SP-AZ081BG,160,N
SP-AZ081BN,48,N
SP-AZ081MB,184,N
SP-AZ082BG,179,N
SP-AZ082BN,64,N
SP-AZ082MB,159,N
SP-D900,50,N
D-900-A,50,N
SP-SS0001-1P,61,N
SP-SS0002-1P,29,N
SP-SS0003-1P,47,N
SP-SS0004-1P,49,N
SS-ABS,0,Y
SS-BCT01BK,618,N
SS-BTSS-01B,0,N
SS-BTSS-01BL,0,N
SS-BTSS-01G,0,N
SS-BTSS-01P,0,N
SS-BTSS-01R,179,N
SS-C,0,Y
SS-CONCAB01-XX,0,N
SS-DAP001-XX,0,Y
SSD-BKTACCESSORY,0,N
SS-EOIL6P-XX,2729,N
SS-EOIL6P-XX-1,0,N
SS-EOIL6P-XX-2,0,N
SS-EOIL6P-XX-3,0,N
SS-EOIL6P-XX-4,0,N
SS-EOIL6P-XX-5,0,N
SS-EXT1050CH-A,2,N
SS-F,6,N
SS-HE03,174,N
SS-HE225,569,N
SS-HE25,300,N
SS-K-NI_MOUNTING HARDWARE,0,N
SS-LEDCBL20,98,N
SS-LIGHTCABLE - GENERATOR LIGH,0,N
SSP-D-7-BN,0,Y
SSP-D-7-CH,0,N
SSP-G-DRNHD-BN,0,N
SSP-G-DRNHD-ORB,34,N
SSP-MIR09,0,N
SSP-SS-C,76,N
SSP-SS-C-6 - OLD,0,Y
SSP-SS-D-CH,0,N
SSP-SS-F,0,Y
SSP-SS-K-CH,0,Y
SSP-SS-K-NI,0,Y
SS-RVB1200CH-A-FBA,0,N
SS-RVB1200ORB-A-FBA,0,N
SS-SAP001-XX,63,N
SS-WIFIBX001-XX,10,N
STMKIT-02,50,N
STMKIT-02(KIT),4,N
STPBN,0,N
STPGD,0,N
STPMK,57,N
STPOB,171,N
STSP-MIR01,0,N
STSP-MIR02,0,N
MIR02,0,Y
STSP-MIR04,0,N
STSP-MIR06,0,N
MIR06,0,Y
STSP-MIR08,0,N
STSP-MIR09,0,N
MIR09,0,Y
SUR2851FLWD,0,N
SUR2851FRWD,0,N
SW-AZ006WH,46,N
SW-AZ007WH,0,Y
SW-AZ8074,0,Y
SW-AZ008WH,0,Y
SW-AZ009WH,0,N
SW-AZ010WH,0,N
SW-AZ011WH,0,N
SW-AZ8078,0,N
SW-WIT6060FLT-WH,30,N
SW-WIT6060REC510-WH,70,N
SW-WIT6060SQ4-WH,34,N
SW-WIT6060SQ6-WH,22,N
T1-AZ056,0,Y
T1-AZ058,0,N
T1-AZ061,0,Y
T1-AZ301WH,23,N
T3060SHAL,100,N
T3060SHAR,25,N
T3060SHL,100,N
T3060SHR,25,N
T3060SHWL,100,N
T3060SHWR,25,N
T3060VN,50,N
T3060VNAL,50,N
T3060VNAR,50,N
T3060VNDL,50,N
T3060VNDR,0,N
T3060VNWL,50,N
T3060VNWR,50,N
T3260E,50,N
T3260EAL,50,N
T3260EAR,50,N
T3260EDL,50,N
T3260EDR,0,N
T3260EWL,50,N
T3260EWR,0,N
T3260SHAL,100,N
T3260SHAR,50,N
T3260SHL,100,N
T3260SHR,50,N
T3260SHWL,100,N
T3260SHWR,50,N
T3260SL,100,N
T3260SLA,100,N
T3260SLW,100,N
T3260SR,50,N
T3260SRA,50,N
T3260SRW,50,N
T3260VN,50,N
T3260VNAL,50,N
T3260VNAR,50,N
T3260VNDL,50,N
T3260VNDR,0,N
T3260VNWL,50,N
T3260VNWR,0,N
T3260Z,50,N
T3260ZAL,50,N
T3260ZAR,50,N
T3260ZDL,50,N
T3260ZDR,50,N
T3260ZWL,50,N
T3260ZWR,50,N
T3266VN,50,N
T3266VNAL,50,N
T3266VNAR,50,N
T3266VNDL,50,N
T3266VNDR,50,N
T3266VNWL,50,N
T3266VNWR,50,N
T3267A,0,N
T3267AA,0,N
T3267AWR,0,N
T3271G,0,N
T3272VN,50,N
T3272VNAL,50,N
T3272VNAR,50,N
T3272VNDL,50,N
T3272VNDR,0,N
T3272VNWL,50,N
T3272VNWR,0,N
T3467R,100,N
T3467RA,100,N
T3467RD,100,N
T3467RW,100,N
T3468S,100,N
T3468SAL,100,N
T3468SAR,100,N
T3468SDL,100,N
T3468SWL,100,N
T3468SWR,100,N
T3471A,50,N
T3471AAL,50,N
T3471AAR,50,N
T3471ADL,50,N
T3471ADR,50,N
T3471AW,50,N
T3471AWL,50,N
T3471R,0,Y
T3660E,50,N
T3660EAL,50,N
T3660EAR,50,N
T3660EDL,50,N
T3660EDR,0,N
T3660EWL,50,N
T3660EWR,0,N
T3660M,0,N
T3660MAL,0,N
T3660MAR,0,N
T3660MDL,0,N
T3660MDR,0,N
T3660MWL,0,N
T3660MWR,0,N
T3660P,50,N
T3660PAL,50,N
T3660PAR,50,N
T3660PDL,0,N
T3660PDR,50,N
T3660PWL,0,N
T3660PWR,50,N
T3660VN,50,N
T3660VNAL,50,N
T3660VNAR,50,N
T3660VNDL,50,N
T3660VNDR,0,N
T3660VNWL,50,N
T3660VNWR,0,N
T3666A,50,N
T3666P,0,N
T3666PAL,0,N
T3666PAR,0,N
T3666PDL,0,N
T3666PDR,0,N
T3666PWL,0,N
T3666PWR,0,N
T3666VN,50,N
T3666VNAL,50,N
T3666VNAR,50,N
T3666VNB,50,N
T3666VNDL,0,N
T3666VNDR,50,N
T3666VNWL,50,N
T3666VNWR,50,N
T3672E,100,N
T3672EAL,100,N
T3672EAR,100,N
T3672EDL,100,N
T3672EDR,100,N
T3672EWL,100,N
T3672EWR,100,N
T3672P,50,N
T3672PAL,50,N
T3672PAR,50,N
T3672PDL,50,N
T3672PDR,0,N
T3672PWL,50,N
T3672PWR,0,N
T3672VN,50,N
T3672VNAL,50,N
T3672VNAR,50,N
T3672VNDL,0,N
T3672VNDR,50,N
T3672VNWL,50,N
T3672VNWR,50,N
T3672W,100,N
T3672WAL,100,N
T3672WAR,100,N
T3672WDL,100,N
T3672WDR,100,N
T3672WWL,100,N
T3672WWR,100,N
T3871B,100,N
T3871BA,100,N
T3871BW,100,N
T4060N,50,N
T4060NAL,50,N
T4060NAR,50,N
T4060NDL,50,N
T4060NDR,0,N
T4060NWL,50,N
T4060NWR,0,N
T4170I,100,N
T4170IAL,100,N
T4170IAR,100,N
T4170IDL,100,N
T4170IDR,100,N
T4170IW,100,N
T4170IWL,100,N
T4170IWR,100,N
T4170IWWA,100,N
T4170IWWH,100,N
T4260V,50,N
T4260VAL,50,N
T4260VAR,50,N
T4260VDL,50,N
T4260VDR,0,N
T4260VN,0,N
T4260VNAL,0,N
T4260VNAR,0,N
T4260VNDL,0,N
T4260VNDR,0,N
T4260VNWL,0,N
T4260VNWR,0,N
T4260VWL,0,N
T4260VWR,50,N
T4266P,100,N
T4266PAL,100,N
T4266PAR,100,N
T4266PDL,100,N
T4266PDR,100,N
T4266PWL,100,N
T4266PWR,100,N
T4270P,50,N
T4270PAL,50,N
T4270PAR,50,N
T4270PDL,50,N
T4270PDR,0,N
T4270PWL,50,N
T4270PWR,0,N
T4272E,100,N
T4272EAL,100,N
T4272EAR,100,N
T4272EDL,100,N
T4272EDR,100,N
T4272EWL,100,N
T4272EWR,100,N
T4272P,50,N
T4272PAL,50,N
T4272PAR,50,N
T4272PDL,50,N
T4272PDR,0,N
T4272PWL,50,N
T4272PWR,50,N
T4272V,100,N
T4272VAL,100,N
T4272VAR,100,N
T4272VC,100,N
T4272VCAL,100,N
T4272VCAR,100,N
T4272VCDL,100,N
T4272VCDR,100,N
T4272VCWL,100,N
T4272VCWR,100,N
T4272VDL,100,N
T4272VDR,100,N
T4272VN,100,N
T4272VNAL,100,N
T4272VNAR,100,N
T4272VNC,100,N
T4272VNCAL,100,N
T4272VNCAR,100,N
T4272VNCDL,100,N
T4272VNCDR,100,N
T4272VNCWL,100,N
T4272VNCWR,100,N
T4272VNDL,100,N
T4272VNDR,100,N
T4272VNWL,100,N
T4272VNWR,100,N
T4272VWL,100,N
T4272VWR,100,N
T4272W,50,N
T4272WAL,50,N
T4272WAR,50,N
T4272WDL,50,N
T4272WDR,50,N
T4272WWL,50,N
T4272WWR,50,N
T4384V,100,N
T4384VAL,100,N
T4384VAR,100,N
T4384VDL,100,N
T4384VDR,100,N
T4384VWL,100,N
T4384VWR,100,N
T4478P,100,N
T4478PAL,100,N
T4478PAR,100,N
T4478PC,100,N
T4478PCDL,100,N
T4478PCDR,100,N
T4478PWL,100,N
T4478PWR,100,N
T4678I,0,N
T4678IAL,0,N
T4678IAR,0,N
T4678IDL,0,N
T4678IDR,0,N
T4678IWL,0,N
T4678IWR,0,N
T4860N,100,N
T4860NAL,100,N
T4860NAR,100,N
T4860NDL,100,N
T4860NDR,100,N
T4860NWL,100,N
T4860NWR,100,N
T4872C,100,N
T4872CAL,100,N
T4872CAR,100,N
T4872CDL,100,N
T4872CDR,100,N
T4872CWL,100,N
T4872CWR,100,N
T4878C,100,N
T4878CAL,100,N
T4878CAR,100,N
T4878CDL,100,N
T4878CDR,100,N
T4878CWL,100,N
T4878CWR,100,N
T5472C,100,N
T5472CAL,100,N
T5472CAR,100,N
T5472CDL,100,N
T5472CDR,100,N
T5472CWL,100,N
T5472CWR,100,N
T6060A,100,N
T6060AAL,100,N
T6060AAR,100,N
T6060ADL,100,N
T6060ADR,100,N
T6060AWL,100,N
T6060AWR,100,N
T6060C,100,N
T6060CAL,100,N
T6060CAR,100,N
T6060CDL,100,N
T6060CDR,100,N
T6060CWL,100,N
T6060CWR,100,N
T6060E,50,N
T6060EAL,50,N
T6060EAR,50,N
T6060EDL,50,N
T6060EDR,0,N
T6060EWL,50,N
T6060EWR,0,N
T6060S,50,N
T6060SAL,50,N
T6060SAR,50,N
T6060SDL,0,N
T6060SDR,50,N
T6060SWL,50,N
T6060SWR,50,N
T6060V,50,N
T6060VAL,50,N
T6060VAR,50,N
T6060VDL,50,N
T6060VDR,50,N
T6060VWL,50,N
T6060VWR,50,N
T80573K-01-DH,0,N
G-SPPH-GR,14,N
TILEFLANGE_3IN.(INST),20,N
TL-AZ600MPWH,25,N
TL-AZEB101B,10,N
TL-AZEB101BR,10,N
TL-AZEB105B,25,N
TL-AZEB105BR,25,N
TL-FT9001,0,N
TL-FT9002,0,N
TL-FT9003,0,N
TL-FT9004,0,N
TL-FT9005,0,N
TL-FT9006,0,N
TL-FT9007,0,N
TL-FT9008,0,N
TL-FT9009,0,N
TL-FT9010,0,N
TL-FT9011,0,N
TL-FT9012,0,N
TL-FT9013,0,N
TL-FT9014,0,N
TL-FT9015,0,N
TL-FT9016,0,N
TL-FT9017,0,N
TL-ST823WH,192,N
TL-ST950WIFI-MB,339,N
TL-ST950WIFI-WH,100,N
TL-STFF950MB,474,N
TL-STFF950WH,305,N
TL-STFF950WH-FBM,305,N
TL-STSF851WH,218,N
TL-STSF851WH-FBM,218,N
TW-AZ012BN,36,N
TW-AZ012CH,2,N
TW-AZ012MBK,8,N
TW-AZ012ORB,0,N
TW-AZ014BN,0,N
TW-AZ014CH,0,N
TW-AZ016BN,1,Y
TW-AZ018BN,30,N
TW-AZ018CH,37,N
TW-AZ018MBK,28,N
TW-AZ018ORB,1,Y
TW-AZ023MBK,47,N
TW-AZ025BN,0,N
TW-AZ025CH,26,N
TW-AZ026BN,0,N
TW-AZ026CH,21,N
TW-AZ026MBK,76,N
TW-AZ026ORB,0,Y
TW-AZ027BN,0,N
TW-AZ027CH,29,N
TW-AZ027MBK,30,N
TW-AZ027ORB,0,Y
TW-AZ065BN,0,N
TW-AZ068BN,0,Y
TW-AZ068CH,42,N
TW-AZ068MBK,0,N
TW-AZ075BN,57,N
TW-AZ075CH,60,N
TW-AZ075MBK,59,N
TW-FS103AL,53,N
TW-WM104BN,12,N
TW-WM104CH,2,N
TW-WM105BN,12,N
TW-WM105CH,0,Y
TW-WM105MB,0,N
TW-WM105WH,0,N
V-AXG021-21-CNT-00WH,0,N
V-AXG021-21-X,0,Y
V-CHG011-36-S-CNT-00CWM,0,N
V-CHG011-36-S-X,0,Y
V-CHN011-72-CAB-00,0,N
V-CHN012-72-CAB-00,0,N
V-CHN012-72-X,0,N
V-CHN013-72-CAB-00,0,N
V-CHN-72-TOP-00CWM,0,N
V-CHO011-60-CAB-00,0,N
V-CHO013-60-CAB-00,0,N
V-CHO015-60-CAB-00,0,N
V-CQA001-39-CAB-00,0,N
V-CQA007-30-CAB-00,0,N
V-CQA033-48-CAB-00,0,N
V-CQA037-48-CAB-00,58,N
V-CQA-39-TOP-00WH,0,N
V-CQA-48-TOP-00WH,0,N
V-CQC001-39-CAB-00,0,N
V-CQC-30-TOP-00WH,0,N
V-MGG013-48-CAB-00,0,N
V-MGG013-60,0,N
V-MGG013-60-CNT-00CWM,0,N
V-MGG013-60-X,0,Y
V-MGG015-48-CAB-00,0,N
V-MGG-30-TOP-00CWM,0,N
V-MIR-3119-00BK,0,N
V-MIR-3119-00GY,0,N
V-MIR-3119-00RC,0,N
V-MIR-3119-00WH,0,N
V-MIR-3120-00WAL,0,N
V-MIR-3120-00WH,0,N
V-MIR-3228-00GY,0,N
V-MIR-3228-00WH,0,N
V-MIR-3624-00BK,0,N
V-MIR-3624-00GY,0,N
V-MIR-3624-01GY,0,N
V-MIR-3624-01WH,0,N
V-MIR-3627-01WH,0,N
V-MIR-3630-00GY,0,N
V-MIR-3630-00WH,0,N
V-MIR-3645-01GY,0,N
V-MIR-3645-01WH,0,N
V-MIR-3836-00GY,0,Y
V-MIR-3836-00WH,0,N
V-MIR-3932-00BRN,1,N
V-MIR-3932-00GY,0,N
V-MTG004-24-CNT-00RDC,0,N
V-MTG004-24-X,0,N
VT-CT30-DB_ MOUNTING HARDWARE,0,N
VT-MR3SCCT30-GY,0,Y
VT-MRCT0036-WH,0,Y
V-WKG011-36-CAB-00,0,N
V-WKG019-30-OLD,0,N
V-WKG020-30,0,N
V-WKG-30-TOP-00CWM,0,N
VY-CA003622-BK,0,N
VY-CA003622-NB,0,N
VY-CA003622-WH,0,N
VY-CA004822-BK,0,N
VY-CA004822-GY,0,N
VY-CA004822-NB,1,N
VY-CA006022-NB,0,N
VY-CA006022-WH,0,N
VY-CA007222-NB,0,N
VY-CA103022-BK,0,N
VY-CA103022-GY,0,N
VY-CA103022-NB,0,N
VY-CA103022-WH,0,N
VY-CA104822-BK,0,N
VY-CA104822-GY,0,N
VY-CA104822-NB,0,N
VY-CA104822-WH,0,N
VY-CA202420-WH,0,N
VY-CA202420-WN,0,N
VY-CA3020-DB,1,N
VY-CA3020-GY,0,N
VY-CA302419-BK,0,N
VY-CA302419-WH,0,N
VY-CA3920-DB,0,N
VY-CA3920-GY,0,N
VY-CA3920-GY_ DRAWER WITH HW,0,N
VY-CA403622-WH,0,N
VY-CA4820-DB,0,N
VY-CA4820-DB_MOUNTING BRACKETS,0,N
VY-CA4820-WH,0,Y
VY-CT003622,9,N
VY-CT004822,11,N
VY-CT006022,0,N
VY-CT007222,0,N
VY-CT103022,0,N
VY-CT104822,0,N
VY-CT202420,0,N
VY-CT3018,0,N
VY-CT302419,0,N
VY-CT3918,112,N
VY-CT403622,0,N
VY-CT4818,94,N
VY-MR003624-BK,0,N
VY-MR003624-GY,0,N
VY-MR003624-NB,0,N
VY-MR003624-WH,0,N
VY-MR003836-WH,18,N
VY-MR103627-BK,0,N
VY-MR103627-GY,0,N
VY-MR103627-NB,0,N
VY-MR103627-WH,0,N
VY-MR103645-BK,0,N
VY-MR103645-GY,0,N
VY-MR103645-NB,0,N
VY-MR103645-WH,0,N
VY-MR203124-WH,0,N
VY-MR203124-WN,0,N
VY-MR303124-BK,0,N
VY-MR303124-WH,0,N
VY-SC5512-DB,29,N
VY-SC5512-GY,42,N
VY-SC5512-WH,24,N
VZ3260RWD,0,N
WH-AZ006-M1,0,N
WH-AZ006-M1-2PK,0,N
WH-AZ006-M1-FBM,0,N
WH-AZ011-M2,0,N
WH-AZ011-M2-2PK,0,N
WH-AZ011-M2-FBM,0,N
WH-AZ018-M3,4,N
WH-AZ018-M3-2PK,4,N
WH-AZ018-M3-FBM,4,N
WH-AZ021-M3,30,N
WH-AZ021-M3-2PK,30,N
WH-AZ021-M3-FBM,30,N
WH-AZ024-M3,163,N
WH-AZ024-M3-2PK,163,N
WH-AZ024-M3-FBM,163,N
WH-AZ027-M3,166,N
WH-AZ027-M3-2PK,166,N
WH-AZ027-M3-FBM,166,N
WH-AZ035-M1,0,Y
WH-AZ035-M1-2PK,0,N
WH-AZ035-M1-FBM,0,N
WH-AZ146-M2,102,N
WH-AZ146-M2-2PK,102,N
WH-AZ146-M2-FBM,102,N
WTPFFMK,142,N
WTPMK,237,N
WTPWH,0,Y
XX3053LWH,117,N
XX3053RWH,44,N
XX3060WILWD,157,N
XX3060WIRWD,0,N
